name,RNase,rgyr,glob,AM1_dipole,AM1_E,AM1_Eele,AM1_HF,AM1_HOMO,AM1_IP,AM1_LUMO,apol,ASA,ASA+,ASA-,ASA_H,ASA_P,ast_violation,ast_violation_ext,a_acc,a_aro,a_base,a_count,a_donacc,a_heavy,a_hyd,a_IC,a_ICM,a_nC,a_nCl,a_nH,a_nN,a_nO,balabanJ,BCUT_PEOE_0,BCUT_PEOE_1,BCUT_PEOE_2,BCUT_PEOE_3,BCUT_SLOGP_0,BCUT_SLOGP_1,BCUT_SLOGP_2,BCUT_SLOGP_3,BCUT_SMR_0,BCUT_SMR_1,BCUT_SMR_2,BCUT_SMR_3,bpol,b_1rotN,b_1rotR,b_ar,b_count,b_heavy,b_max1len,b_rotN,b_rotR,b_single,CASA+,CASA-,chi0,chi0v,chi0v_C,chi0_C,chi1,chi1v,chi1v_C,chi1_C,DASA,DCASA,dens,density,diameter,dipole,dipoleX,dipoleY,dipoleZ,E_ang,E_ele,E_nb,E_oop,E_rnb,E_rsol,E_sol,E_stb,E_str,E_strain,E_tor,E_vdw,FASA+,FASA-,FASA_H,FASA_P,FCASA+,FCASA-,FCharge,GCUT_PEOE_0,GCUT_PEOE_1,GCUT_PEOE_2,GCUT_PEOE_3,GCUT_SLOGP_0,GCUT_SLOGP_1,GCUT_SLOGP_2,GCUT_SLOGP_3,GCUT_SMR_0,GCUT_SMR_1,GCUT_SMR_2,GCUT_SMR_3,h_ema,h_emd,h_emd_C,h_logD,h_logP,h_logS,h_log_dbo,h_log_pbo,h_mr,h_pavgQ,h_pKa,h_pKb,h_pstates,h_pstrain,Kier1,Kier2,Kier3,KierA1,KierA2,KierA3,KierFlex,lip_acc,lip_don,lip_druglike,lip_violation,logP(o/w),logS,MNDO_dipole,MNDO_E,MNDO_Eele,MNDO_HF,MNDO_HOMO,MNDO_IP,MNDO_LUMO,mr,mutagenic,nmol,npr1,npr2,opr_brigid,opr_leadlike,opr_nring,opr_nrot,opr_violation,PC+,PC-,PEOE_PC+,PEOE_PC-,PEOE_RPC+,PEOE_RPC-,PEOE_VSA+0,PEOE_VSA+1,PEOE_VSA+2,PEOE_VSA+3,PEOE_VSA+4,PEOE_VSA+5,PEOE_VSA+6,PEOE_VSA-0,PEOE_VSA-1,PEOE_VSA-2,PEOE_VSA-3,PEOE_VSA-4,PEOE_VSA-5,PEOE_VSA-6,PEOE_VSA_FHYD,PEOE_VSA_FNEG,PEOE_VSA_FPNEG,PEOE_VSA_FPOL,PEOE_VSA_FPOS,PEOE_VSA_FPPOS,PEOE_VSA_HYD,PEOE_VSA_NEG,PEOE_VSA_PNEG,PEOE_VSA_POL,PEOE_VSA_POS,PEOE_VSA_PPOS,petitjean,petitjeanSC,PM3_dipole,PM3_E,PM3_Eele,PM3_HF,PM3_HOMO,PM3_IP,PM3_LUMO,pmi,pmi1,pmi2,pmi3,pmiX,pmiY,pmiZ,Q_PC+,Q_PC-,Q_RPC+,Q_RPC-,Q_VSA_FHYD,Q_VSA_FNEG,Q_VSA_FPNEG,Q_VSA_FPOL,Q_VSA_FPOS,Q_VSA_FPPOS,Q_VSA_HYD,Q_VSA_NEG,Q_VSA_PNEG,Q_VSA_POL,Q_VSA_POS,Q_VSA_PPOS,radius,reactive,rings,RPC+,RPC-,rsynth,SlogP,SlogP_VSA0,SlogP_VSA1,SlogP_VSA2,SlogP_VSA3,SlogP_VSA4,SlogP_VSA5,SlogP_VSA6,SlogP_VSA7,SlogP_VSA8,SlogP_VSA9,SMR,SMR_VSA0,SMR_VSA1,SMR_VSA2,SMR_VSA3,SMR_VSA4,SMR_VSA5,SMR_VSA6,SMR_VSA7,std_dim1,std_dim2,std_dim3,TPSA,VAdjEq,VAdjMa,VDistEq,VDistMa,vdw_area,vdw_vol,vol,VSA,vsa_acc,vsa_acid,vsa_base,vsa_don,vsa_hyd,vsa_other,vsa_pol,vsurf_A,vsurf_CP,vsurf_CW1,vsurf_CW2,vsurf_CW3,vsurf_CW4,vsurf_CW5,vsurf_CW6,vsurf_CW7,vsurf_CW8,vsurf_D1,vsurf_D2,vsurf_D3,vsurf_D4,vsurf_D5,vsurf_D6,vsurf_D7,vsurf_D8,vsurf_DD12,vsurf_DD13,vsurf_DD23,vsurf_DW12,vsurf_DW13,vsurf_DW23,vsurf_EDmin1,vsurf_EDmin2,vsurf_EDmin3,vsurf_EWmin1,vsurf_EWmin2,vsurf_EWmin3,vsurf_G,vsurf_HB1,vsurf_HB2,vsurf_HB3,vsurf_HB4,vsurf_HB5,vsurf_HB6,vsurf_HB7,vsurf_HB8,vsurf_HL1,vsurf_HL2,vsurf_ID1,vsurf_ID2,vsurf_ID3,vsurf_ID4,vsurf_ID5,vsurf_ID6,vsurf_ID7,vsurf_ID8,vsurf_IW1,vsurf_IW2,vsurf_IW3,vsurf_IW4,vsurf_IW5,vsurf_IW6,vsurf_IW7,vsurf_IW8,vsurf_R,vsurf_S,vsurf_V,vsurf_W1,vsurf_W2,vsurf_W3,vsurf_W4,vsurf_W5,vsurf_W6,vsurf_W7,vsurf_W8,vsurf_Wp1,vsurf_Wp2,vsurf_Wp3,vsurf_Wp4,vsurf_Wp5,vsurf_Wp6,vsurf_Wp7,vsurf_Wp8,Weight,weinerPath,weinerPol,zagreb
p0,1.7,4.7418394,0.042330436,6.185111,-79765.609,-504201.13,450.08786,-13.99255,13.99255,-6.4172602,43.67548,559.77734,379.39484,180.38252,291.8623,267.91507,0,2,2,12,4,38,3,21,12,56.979923,1.4994717,14,0,17,7,0,1.5532916,-2.24596,-0.64180613,0.70417589,2.2518806,-2.9275155,-0.53807992,0.80591482,2.3486133,-1.9310448,-0.49472067,0.85431087,2.5555131,16.604519,5,0.22727273,12,39,22,2,5,0.22727273,24,2628.4475,888.56433,15.242276,11.322631,7.6188021,9.1209555,10.058551,6.1946487,4.1427345,5.932653,199.01233,1739.8832,1.0247341,0.73603261,14,2.4563348,-1.3618281,0.97560602,-1.7964402,4.603199,-66.417267,-177.28873,0.023419101,0,0,-146.31868,-0.35383767,4.3714461,0.003642257,14.80979,35.447216,0.67776024,0.32223976,0.52138996,0.47861007,4.6955228,1.587353,2,-0.80321497,-0.38028872,0.14103027,2.3187189,-2.1881797,-0.31925759,0.16445385,2.3902402,-0.55981374,-0.21605732,0.19305076,2.595232,3.8514266,38.495483,4.3708963,-4.1837769,-4.1960931,0.43746722,0,10.036557,8.5040541,1.9976944,9.6362066,15.788391,1.0172626,0.001396941,17.355371,8.5850182,5.6055365,10.729329,5.1652851,3.3024695,2.6390498,7,9,1,1,2.29,-3.8319499,6.8387094,-79895.43,-502955.69,443.83548,-14.06092,14.06092,-6.1438098,8.0204115,1,1,0.085199714,0.95973027,15,1,2,5,1,6.928,-4.9260001,3.9251568,-1.9251568,0.076692544,0.14905517,0,51.93927,0,8.6190128,0,22.381124,68.952103,98.03923,13.159503,9.4210396,0,0,30.479832,0,0.59796488,0.4986932,0.10059646,0.40203509,0.50130683,0.30143863,181.17805,151.09961,30.479832,121.81306,151.89151,91.333229,0.5,1,7.3091884,-70092.844,-489865.06,454.50125,-13.86194,13.86194,-6.4640002,6370.8882,530.87183,5979.9941,6230.9111,2824.2966,694.94836,2851.6436,6.928,-4.9260001,0.10551386,0.15306537,0.56951851,0.51327145,0.10059646,0.43048152,0.48672858,0.32988507,172.55904,155.51669,30.479832,130.43207,147.47443,99.95224,7,0,2,0.10551386,0.15306537,0.47619048,-1.2738,129.13831,22.544069,0,0,6.37115,33.203491,0,141.14548,0,5.513495,8.1466303,0,96.547424,0,6.37115,89.196098,141.14548,4.6558404,0,4.9030137,1.4148219,1.0087638,139.97,0.46827638,5.4594316,3.6042898,8.4194593,302.99112,384.95441,276.5,324.14325,22.580544,0,70.969955,80.390999,144.28413,22.381124,102.97154,0.74428195,0.089364514,2.8830574,2.6787055,1.6379215,0.72933644,0.34322986,0.13950221,0.051468447,0.02182604,737.25,441.375,316.125,253.875,209.625,174,129.375,69.5,0.5,0.70710677,0.5,0.5,0.70710677,0.5,-2.4419272,-2.4319777,-2.4232209,-7.8146996,-7.768959,-7.4387002,1.34428,88.75,60.75,55.75,15,-4.5,-3.875,1.375,1.5,0.19256623,0.086656816,0.15921751,0.18213905,0.18538484,0.16371329,0.17687862,0.18391891,0.21111324,0.44199526,0.25636828,0.31253582,0.24712007,0.25098327,0.66290653,1.6936837,3.7807455,4.570312,1.3456,497.45468,669.375,1378.125,905.75,445.625,155.75,60.875,22,8.375,2.625,1289.375,845,389.875,140.75,65.375,25.875,7,1.125,283.33899,1164,28,102
p1,0.89542349,7.7446642,0.021341752,18.518623,-129596.84,-1064985.1,894.36456,-16.429029,16.429029,-9.0548697,82.572098,949.18976,402.67148,163.56027,676.37592,272.81384,1,3,2,12,6,77,3,34,23,104.58745,1.3582785,25,0,43,9,0,1.4786052,-2.6916139,-0.53630579,0.70417643,2.6634059,-3.4741702,-0.53807992,0.54057205,2.569618,-2.4911475,-0.49280515,0.72254223,2.8568516,50.307899,14,0.40000001,12,78,35,8,14,0.40000001,63,4399.5889,1132.4913,24.760939,21.117678,16.56855,18.070704,16.346245,12.031512,6.6427345,8.4326534,239.11122,3267.0974,0.92776692,0.67051315,25,5.0767932,0.80111456,4.8818488,-1.1399988,11.148565,23.973684,-282.78131,0.020046178,0,0,-362.49451,0.27345353,6.4736905,0.008879409,5.7700319,55.739506,0.42422652,0.17231567,0.71258241,0.28741762,4.6350989,1.1931137,4,-0.88837916,-0.3469803,0.13425018,2.6795216,-2.260179,-0.31396762,0.16445385,2.6142406,-0.63092327,-0.21605732,0.14322865,2.8862715,3.8529639,64.300446,27.165434,-6.2733426,-7.621253,1.7588314,0,10.036573,14.335991,3.9555433,8.3402195,14,2.5145125,0.43850502,30.225306,17.454546,13.221158,22.752987,13.018698,9.7973175,8.712184,9,9,1,1,4.704,-3.97228,18.657629,-129916.26,-1053959.9,947.9115,-16.421841,16.421841,-8.9214096,13.84408,1,1,0.098225296,0.93505496,15,0,2,14,4,10.926,-6.9239998,6.5922861,-2.5922863,0.052784219,0.13187985,42.994942,282.97104,0,8.6190128,0,22.381124,68.952103,106.74055,13.159503,9.4210396,0,0,17.451376,0,0.81004649,0.25628576,0.030472601,0.18995351,0.74371427,0.1594809,463.9061,146.77246,17.451376,108.78461,425.91824,91.333229,0.47999999,0.92307693,18.628778,-116432.48,-1043126.6,898.35187,-16.25959,16.25959,-9.3108597,28171.441,2721.856,25910.689,27710.338,24763.605,2924.4412,483.39578,10.926,-6.9239998,0.066904634,0.13850376,0.54054141,0.24880487,0.030472601,0.45945862,0.75119513,0.42898601,309.56302,142.48824,17.451376,263.12769,430.20245,245.6763,13,0,2,0.066904634,0.13850376,0.67647058,-3.1715,105.61406,22.544069,0,73.758316,6.37115,164.79224,0,141.14548,56.605217,5.513495,13.84813,39.819687,33.203491,0,6.37115,89.196098,197.75069,78.414154,131.58875,8.2101774,2.3518922,1.1994097,125.61,0.32963872,6.129283,4.392272,9.8077593,572.69067,700.48138,506.25,586.54456,22.580544,0,46.850132,56.271172,408.50549,22.381124,78.851715,3.3203843,0.11885341,2.5817301,1.9274265,1.0927166,0.42524791,0.18594158,0.06034591,0.030480392,0.012641662,1321,787,606,526.5,456.25,327.75,198,99.5,6.1644139,6.2649822,0.5,0.5,0.5,0.70710677,-2.4793415,-2.4174232,-2.4087472,-7.5321589,-7.4738612,-7.3274837,1.5578048,160.375,49.5,62.75,19.25,2.25,2.25,6.875,3,0.092615515,0.033475783,0.56031156,0.49032688,0.75830841,0.96188009,1.0742376,0.68340248,0.59863508,0.69629318,0.11430106,0.84137404,1.2130649,1.7395407,2.5767651,4.3802867,4.8556995,5.9462204,1.409547,849.47504,1197.375,1892.875,1046.5,483.5,154.375,56.125,17.625,7.875,3,1732.5,997,420.75,135.125,53.875,15.375,1,0,469.68201,5062,43,158
p5,0.214592423,7.7348614,0.027631825,6.4037156,-134311.11,-1000557.3,501.80219,-13.62613,13.62613,-6.1264,73.156242,856.62817,441.96176,414.66644,703.83014,152.79807,2,4,2,24,4,58,3,35,26,91.858055,1.5837595,26,2,23,7,0,1.0373086,-2.2583404,-0.64151269,0.70891225,2.2794673,-2.9468207,-0.53807992,0.80591482,2.3511269,-1.9603827,-0.49986199,0.85431087,2.5726304,26.643761,7,0.18421052,24,61,38,2,7,0.18421052,34,3659.4434,2603.2759,24.622746,20.05452,14.237604,17.087212,16.957531,11.393926,7.7854691,11.198639,27.295321,1056.1675,1.0752465,0.77598405,24,1.801026,1.3475387,-0.33326954,-1.1475039,12.706577,-69.314049,-132.15721,0.29030952,-1.14E-13,-1.14E-13,-133.35701,-0.74096709,7.7243648,0.006402588,26.324297,70.513832,0.51593184,0.48406816,0.82162851,0.1783715,4.2719154,3.03898,2,-0.80319786,-0.3798987,0.12311444,2.5037603,-2.1870294,-0.2902711,0.21558134,2.5610998,-0.53125238,-0.21605732,0.25878397,2.7773979,4.3557501,34.126877,7.4704785,3.6444423,2.260401,-5.3867497,0,16.994167,14.341492,1.7252209,7.4693522,14,2.2197297,0.18160792,28.01939,14.235294,9.0572319,19.981953,10.04322,6.3403206,5.7338037,7,7,0,2,8.1160002,-8.73627,6.4613996,-133552.09,-994807.19,487.79547,-13.79944,13.79944,-5.8998098,14.084957,1,1,0.087952077,0.93177998,27,0,4,7,2,8.2799997,-6.2779999,4.2113857,-2.2113857,0.073900662,0.1295685,9.0394926,86.062355,13.399102,8.6190128,0,22.381124,51.714077,196.07846,72.323395,9.4210396,0,0.27378201,17.177593,0,0.81182206,0.60694897,0.035872053,0.18817793,0.39305103,0.15230589,394.94287,295.27426,17.451376,91.546577,191.21516,74.0952,0.5,1,4.602798,-119603.16,-980196.31,535.32855,-13.33068,13.33068,-6.1868501,30178.777,2628.3547,27845.258,29883.941,7005.1636,715.6781,22457.936,8.2799997,-6.2779999,0.088285021,0.12010194,0.76656288,0.61602849,0.035872053,0.23343712,0.38397151,0.19756506,372.92474,299.69135,17.451376,113.5647,186.7981,96.113319,12,0,4,0.088285021,0.12010194,0.6857143,3.3394001,99.365433,22.544069,0,0,6.37115,33.203491,7.0012131,282.29095,0,89.32428,14.17649,33.57106,33.203491,0,13.372363,94.709595,282.29095,4.6558404,78.297287,6.8069687,2.0531375,1.1315104,116.73,0.33549348,6.2479277,4.3127575,9.893796,486.48944,650.04553,469.125,515.28882,22.580544,0,46.850132,56.271172,352.35458,22.381124,78.851715,3.5362997,0.13427164,2.6302671,2.1757898,1.0912869,0.4171409,0.19327636,0.066027991,0.034195744,0.013345619,1453.75,843.25,614.375,519.875,450.625,380.875,248.875,125.625,6.98212,7.9529867,11.247222,0.5,0.5,0.70710677,-2.4696329,-2.4324043,-2.4086995,-7.8667183,-7.467515,-7.3141928,1.4979755,199.75,93.25,80,25.25,6.375,2.875,7.625,2.75,0.087690741,0.034383263,0.60287571,0.47614491,0.52811551,0.64431596,0.78745401,0.88525766,0.43791962,0.34423837,0.1919502,0.95878464,1.7939165,2.3840904,3.039659,4.5547113,5.2244859,6.0645552,1.4279424,775.15381,1106.875,1887,1034.5,439.125,138.25,53.875,17.875,8.25,2.75,1687.25,941.25,359.125,113,47.5,15,0.625,0,504.42499,5140,50,178
p8,-0.643883867,9.3418121,0.021747908,7.9507408,-169862.81,-1614987.4,958.4762,-16.179661,16.179661,-9.1589003,109.45286,1113.5391,506.18283,320.92548,931.71552,181.82361,1,3,2,24,6,96,3,47,36,129.08505,1.344636,38,0,49,9,0,0.77154636,-2.7851548,-0.57440764,0.70007569,2.8017178,-3.4727199,-0.53807992,0.72192788,2.6090729,-2.5951102,-0.49986199,0.80175292,2.9835629,56.867142,11,0.21153846,24,101,52,3,11,0.21153846,74,6434.5962,2795.9026,32.262726,27.1672,22.618073,25.572493,23.068815,16.977436,12.304201,16.015137,185.25737,3638.6936,0.96102357,0.68158346,32,3.4830298,2.0486171,-0.75837934,2.7128446,13.592211,4.9357162,-304.58972,0.024440115,-5.68E-14,-5.68E-14,-398.26584,0.25401419,10.161229,0.008897588,3.5359695,88.740417,0.45457122,0.28820312,0.83671558,0.16328444,5.7785091,2.5108256,4,-0.87837362,-0.36933693,0.12701912,2.9437358,-2.251816,-0.31060302,0.16239242,2.8583965,-0.63096422,-0.21605732,0.1912203,3.1382217,3.8526249,64.03923,26.699272,-1.631999,-4.5611353,-1.9197034,0,16.166473,19.367765,3.8957562,7.9645252,15.596564,1.6291072,0.063447654,36.779587,19.565218,12.041103,26.933712,14.224082,8.7090664,8.1512194,9,9,0,2,8.2600002,-8.0075302,9.0364914,-170153.72,-1606961.9,1000.3699,-15.90572,15.90572,-9.1133604,18.934723,1,1,0.049170446,0.98276591,39,0,6,15,5,12.712,-8.7119999,7.1403828,-3.140383,0.048831888,0.10606858,73.345421,207.07784,32.676571,8.6190128,0,22.381124,68.952103,98.03923,135.70854,9.4210396,0,0,17.451376,0,0.83851999,0.38686496,0.025904845,0.16148001,0.61313504,0.13557518,564.88763,260.62018,17.451376,108.78461,413.05206,91.333229,0.5,1,9.1511421,-154057.03,-1592752.6,967.60797,-16.34692,16.34692,-9.4999905,55143.207,2668.8,53341.102,54276.508,32418.084,1151.5535,21573.568,12.712,-8.7119999,0.057504721,0.11007805,0.69888997,0.3999784,0.025904845,0.30111006,0.6000216,0.27520519,470.82275,269.45435,17.451376,202.84949,404.2179,185.39812,16,0,6,0.057504721,0.11007805,0.17021276,0.39700001,105.61406,22.544069,7.9639373,73.758316,12.7423,33.203491,0,317.57733,75.473625,42.392651,18.76803,39.819687,33.203491,0,20.706238,89.196098,429.93008,78.414154,0,9.4272337,1.858456,1.3902503,125.61,0.27386162,6.7004399,4.7431855,10.739956,673.67224,927.06616,657.5,721.828,22.580544,0,46.850132,56.271172,505.21628,22.381124,78.851715,2.1098862,0.12294259,2.5297883,2.0666637,0.92327243,0.36417344,0.16463578,0.050894491,0.026085351,0.010302028,1761.625,1024.625,761.25,660.125,584,487.875,294.5,135.25,0.70710677,0.86602539,1.5,0.5,0.70710677,0.5,-2.4182351,-2.4111245,-2.4106748,-7.7376328,-7.7053218,-7.5176549,1.5939282,189.875,37.125,66.75,19,0.875,-0.125,5.875,2.625,0.075697869,0.026888847,0.12495162,0.14584798,0.13292021,0.09935008,0.12259253,0.15482476,0.20851563,0.78878605,0.1800483,0.31508291,0.6739983,1.2394521,2.0974131,3.9600019,4.8300314,5.5911727,1.4837807,1008.3195,1496.125,2257.25,1196,485.25,155.875,57.625,17.75,7.5,2.625,2067.375,1158.875,418.5,136.875,56.75,17.875,1.625,0,631.87299,12352,68,242
p9,-0.276813067,6.6713409,0.032546591,23.953018,-142089.14,-1226919.3,921.59979,-16.271231,16.271231,-8.9103003,86.532097,910.31567,394.74286,155.83856,637.96735,272.34833,2,4,4,12,6,80,5,37,24,112.15968,1.401996,26,0,43,11,0,0.98934954,-2.7600355,-0.64180553,0.70417643,2.7249951,-3.4323637,-0.53807992,0.65449345,2.4720156,-2.5402372,-0.49288863,0.85431087,2.9367769,51.627899,11,0.27500001,12,83,40,4,11,0.27500001,68,4910.6011,1314.9658,25.710686,21.702339,16.104084,17.606237,18.169836,13.354765,7.1427345,8.9326534,238.90428,3595.6353,0.97528243,0.69852287,26,7.1274409,-3.9310958,-3.9223154,4.4679236,15.526628,199.30058,-98.499802,0.065441087,-1.71E-13,-1.71E-13,-365.27652,1.7670877,10.404479,0.010102568,-1.4241948,67.476128,0.43363294,0.1711918,0.70081991,0.29918009,5.3943939,1.4445163,4,-0.87405753,-0.38028792,0.17149793,2.7519209,-2.2478256,-0.31521738,0.16445385,2.64604,-0.63612604,-0.21605732,0.19305076,2.9581525,7.6119752,71.826126,21.780849,-7.7775464,-11.147384,3.072401,0,10.036572,15.114578,3.9439638,8.2272463,9.8375349,1.8963116,0.080408409,29.969999,16.955017,10.826222,23.120424,12.979873,8.2421799,8.110816,11,11,0,3,1.892,-3.19853,30.506733,-142399.41,-1252926.6,969.75842,-16.655199,16.655199,-9.2558298,14.524894,1,1,0.17659713,0.85833132,27,0,4,15,5,12.44,-8.4379997,7.1661897,-3.1661899,0.048384171,0.1095783,130.33858,182.27785,0,8.6190128,0,22.381124,86.190132,98.03923,13.159503,9.4210396,0,0,17.451376,0,0.77808148,0.2431353,0.03073086,0.22191855,0.75686473,0.19118769,441.85522,138.07115,17.451376,126.02263,429.8067,108.57126,0.5,1,30.759102,-126634.42,-1228070.6,950.88318,-16.308149,16.308149,-9.3048201,22685.422,3937.4165,19137.389,22296.039,8987.9854,2174.9775,11522.46,12.44,-8.4379997,0.058762059,0.10737141,0.48413283,0.25091353,0.03073086,0.51586717,0.7490865,0.4851363,274.92831,142.48824,17.451376,292.94955,425.38962,275.49817,13,0,4,0.058762059,0.10737141,0.7027027,-4.8727999,135.38693,28.792696,0,221.27493,6.37115,33.203491,0,141.14548,0,5.513495,14.54737,33.57106,75.473625,0,6.37115,89.196098,141.14548,225.93077,0,6.4968224,2.789212,1.1720705,156.42999,0.32120815,6.321928,4.4548359,10.052244,567.87787,729.69269,522.625,585.73553,22.580544,0,58.215282,67.636322,387.8782,22.381124,90.216866,1.9063199,0.11762546,2.567843,2.1734941,1.1641048,0.51363307,0.23343514,0.10983413,0.046464626,0.021224268,1284.5,750.375,566,487,420.25,345.5,203,83.125,0.5,1.118034,0.70710677,0.70710677,0.5,1.118034,-2.6020579,-2.4591792,-2.4304967,-8.4822197,-8.1561394,-7.9756017,1.5146449,161.25,67.5,76.875,36,9.125,11.5,8.25,5.125,0.125,0.062114991,0.31858006,0.1725204,0.35709241,0.57214028,0.80335557,1.0024298,0.75604206,1.7000471,0.22665009,0.69232982,0.88460612,0.95300138,1.7212477,2.3284478,3.4644425,4.2774315,1.4470335,822.89044,1190.75,1907.25,1097.625,516,185.375,70.75,30.25,11.125,5.125,1746,1030.125,439.125,149.375,61.625,18.75,2.875,0,509.707,6312,50,182
p13,-0.501858367,7.84162,0.030873105,17.639042,-162507.3,-1529353,510.62555,-11.7973,11.7973,-5.8632398,101.9321,1053.327,482.85635,322.19235,888.47705,164.84991,2,4,2,24,4,88,3,45,34,120.45397,1.3687952,36,0,43,9,0,0.78526556,-2.7439284,-0.64151496,0.70006895,2.7284524,-2.9524434,-0.53807992,0.80591482,2.6741874,-2.4885206,-0.49739233,0.85431087,2.9771488,51.627899,9,0.18000001,24,93,50,3,11,0.22,66,4917.4092,2636.1777,30.848513,25.647415,21.203859,24.158279,22.102489,15.861134,11.597095,15.198639,160.66402,2281.2314,0.9759627,0.69137865,30,4.3565326,-1.0923399,-3.3796237,-2.522759,17.875751,-135.67441,-190.80019,-0.71912962,1.71E-13,1.71E-13,-148.47617,0.10912799,10.329499,0.006991287,17.121094,93.350395,0.45841071,0.30588067,0.84349597,0.15650403,4.6684546,2.5027156,2,-0.83524323,-0.3859475,0.11527138,2.8369968,-2.188046,-0.30522895,0.16445385,2.8441851,-0.56043833,-0.21605732,0.19305076,3.084671,6.0425129,38.173176,12.546719,1.4292721,1.0855495,-5.3628469,0,16.655054,18.354767,1.9761122,8.6148224,15.4806,1.1458404,0.014405108,34.848,18.123413,10.494321,24.503458,12.633917,7.2708039,6.879437,9,7,0,2,7.296,-8.1682301,18.110592,-162788.56,-1513733.1,506.11374,-12.12642,12.12642,-5.6765299,17.917427,1,1,0.21090207,0.81925446,39,0,6,15,5,10.184,-8.1820002,4.9800758,-2.9800761,0.061091855,0.096253544,169.21983,109.41582,0,8.6190128,0,22.381124,51.714077,147.05885,86.688927,9.4210396,0,0,17.451376,0,0.85281193,0.41902369,0.028058223,0.14718808,0.58097631,0.11912986,530.42346,260.62018,17.451376,91.546577,361.34988,74.0952,0.5,1,17.929914,-146934.47,-1502791.9,491.43539,-11.87368,11.87368,-6.0630002,37005.473,7688.5991,29866.563,36455.781,27349.719,6563.562,3092.1904,10.184,-8.1820002,0.071779259,0.10241994,0.74399602,0.42612544,0.028058223,0.25600398,0.57387453,0.22794576,462.74326,265.03726,17.451376,159.22681,356.9328,141.77544,15,0,6,0.071779259,0.10241994,0.75555557,3.326,105.61406,22.544069,7.9639373,73.758316,6.37115,33.203491,0,317.57733,75.473625,11.02699,18.27169,0,96.547424,42.27013,14.335087,28.915218,393.05093,78.414154,0,7.2486038,3.4249377,1.2736336,118.47,0.28376898,6.643856,4.6576071,10.614981,621.97003,870.43909,616.625,669.79236,22.580544,0,46.850132,56.271172,473.5993,22.381124,78.851715,5.2458086,0.17901376,2.5346897,2.0704532,0.89442891,0.32273439,0.15481228,0.065132491,0.027745916,0.011191396,1743,1024.5,750,651.25,574.625,492.5,318,147.75,0.70710677,6.4226165,6.1032777,0.5,0.5,1,-2.4512615,-2.4299283,-2.4233685,-7.8527203,-7.6483827,-7.4105372,1.5690138,198.625,60.375,93,29.25,9.625,7.25,6,2.625,0.07333333,0.032245681,0.99089283,0.85542774,1.0039197,1.276387,1.4669516,1.4389201,0.5343312,0.31455055,0.1705571,1.5258383,3.10307,3.7889791,4.2592778,5.4318252,6.7232604,7.8572764,1.4777575,953.97931,1409.75,2144.5,1114.375,434.5,136.25,55,21,7.875,2.625,1945.875,1054,341.5,107,45.375,13.75,1.875,0,601.80298,10716,68,234
p14,0.669777,6.0212417,0.060499426,8.7902308,-174722.31,-1880156.6,945.40942,-16.660721,16.660721,-9.2638502,115.21362,998.39996,401.40878,214.91711,804.57599,193.82401,1,3,2,24,6,103,3,48,37,136.07475,1.3211142,39,0,55,9,0,0.95886689,-2.7235825,-0.64151502,0.70392221,2.696183,-3.4505231,-0.53807992,0.67993516,2.5820217,-2.5207481,-0.49174896,0.85431087,2.8927267,63.426384,20,0.39215687,24,106,51,9,20,0.39215687,79,5102.7085,1872.3579,33.815132,28.719606,24.170479,27.124899,23.533539,17.388412,12.585422,16.296356,186.49167,3230.3506,0.92996883,0.66367841,33,4.0813637,2.4293361,2.0044174,-2.5957975,14.576202,5.2992277,-269.0274,-0.003818713,0,0,-358.41003,0.77546155,10.627021,0.008470661,2.2923341,84.083389,0.40205207,0.21526155,0.80586535,0.19413462,5.1108861,1.8753586,4,-0.87933898,-0.37990165,0.12067039,2.8476574,-2.2522864,-0.28962713,0.16445385,2.7920122,-0.6305114,-0.21605732,0.19305076,3.0494704,3.852962,64.903389,27.797333,-1.72264,-3.4479344,-2.3492982,0,16.166477,20.161812,3.9435687,8.2358131,14,2.6745815,0.44614205,40.765858,24.280273,16.060043,30.060453,17.780458,11.704481,11.13518,9,9,0,2,8.9619999,-8.1625004,9.1785955,-175059.94,-1879751.3,1010.604,-16.866859,16.866859,-9.3161497,19.838486,1,1,0.31785768,0.74305081,27,0,4,20,4,12.712,-8.7119999,7.1869526,-3.1869524,0.048514321,0.10465923,73.004341,241.99326,26.384649,8.6190128,0,22.381124,68.952103,144.2359,135.70854,9.4210396,0,0,17.451376,0,0.85459548,0.41009998,0.023325996,0.14540455,0.58990002,0.12207855,639.36676,306.81686,17.451376,108.78461,441.33447,91.333229,0.4848485,0.94117647,0,-97679.742,-826692.81,412.20602,-13.67874,13.67874,-6.3042998,23563.512,7268.4868,16991.426,22867.111,8190.9409,3423.2048,11949.366,0,0,0,0,0,0,0.023325996,0.2979908,0.63983977,0.27466479,525.20911,269.45435,17.451376,222.94221,478.69699,205.49084,17,0,4,0.057504721,0.11007805,0.16666667,1.2823,105.61406,22.544069,0,110.63747,12.7423,33.203491,0,317.57733,56.605217,109.04468,19.656931,39.819687,33.203491,0,12.7423,89.196098,411.06168,115.29331,66.652031,5.385365,3.2475131,1.3246183,125.61,0.26154226,6.6724253,4.8240914,10.805225,748.15137,979.28748,698.875,783.83966,22.580544,0,46.850132,56.271172,575.42462,22.381124,78.851715,5.7289543,0.23202026,2.4209757,1.9668591,0.92733902,0.33954561,0.14597245,0.039864521,0.022715263,0.009254458,1544.75,954.25,721,619.25,545.375,437,292.5,159.625,10.356157,0.5,9.9749689,0.5,0.5,0.70710677,-2.7590003,-2.6873524,-2.669091,-7.5374417,-7.3055224,-7.109591,1.4330114,171.125,42.875,38.75,12.375,-3.25,-2.625,5.75,2.375,0.063800275,0.021800565,0.73817998,0.63529342,0.7744866,1.0364784,1.25588,1.0890465,0.46254423,0.61274529,0.46054989,1.6326525,3.0853486,3.9359877,4.9597535,7.7329397,7.9940815,8.0700884,1.6647067,922.30963,1535.375,1962.125,1062.625,430.125,129.75,46,13.5,6,2.375,1791,1019.75,391.375,117.375,49.25,16.125,0.25,0,649.93201,13725,65,230
p17,-0.422786333,6.2283869,0.023070365,3.8872356,-108501.8,-845115,408.09433,-13.80699,13.80699,-6.0847602,68.424171,793.7533,285.72418,161.351,632.18463,161.56865,1,3,2,12,4,62,3,29,20,84.936188,1.3699385,22,0,33,7,0,1.5121996,-2.5781336,-0.64180553,0.70066619,2.5650201,-2.9292617,-0.53807992,0.79794085,2.6347227,-2.3463848,-0.49121627,0.85431087,2.7962863,36.735832,11,0.36666667,12,63,30,6,13,0.43333334,48,2002.355,807.72314,20.89913,17.41057,13.861443,15.363597,14.134561,10.238619,7.5569482,9.3468666,124.37316,1194.6318,0.94095749,0.67776197,22,1.5819378,-1.0225497,-1.1541535,0.35333967,8.2958231,-69.701012,-158.73761,0.019806333,2.84E-14,2.84E-14,-132.68625,-0.48215505,5.129992,0.006069309,-1.7976931,43.649647,0.35996595,0.20327601,0.79644978,0.20355022,2.5226414,1.0175997,2,-0.80329812,-0.38028792,0.13424684,2.548466,-2.1880088,-0.30580863,0.16445385,2.5779881,-0.56037658,-0.21605732,0.19305076,2.7945495,3.8532476,34.391758,8.8125172,0.034477521,-0.37871835,-2.3020611,0,10.036574,12.139142,1.9745983,8.5877314,15.473405,1.1536326,0.015323183,25.262222,14.910153,9.7768593,18.034176,10.505659,6.8224263,6.5331345,7,7,1,1,5.7220001,-5.7083702,4.5493608,-108753.49,-837965.81,410.08533,-13.94183,13.94183,-5.8492098,11.834017,1,1,0.096434496,0.92984885,15,0,2,13,2,7.0079999,-5.006,4.1647706,-2.1647706,0.072984062,0.13250774,59.715405,95.38546,0,8.6190128,0,22.381124,51.714077,115.44186,68.057487,9.4210396,0,0,17.451376,0,0.79574013,0.46938404,0.038937725,0.20425986,0.53061593,0.16532212,356.64026,210.37177,17.451376,91.546577,237.81508,74.0952,0.5,1,3.5545578,-97679.742,-826692.81,412.20602,-13.67874,13.67874,-6.3042998,15344.687,1460.5627,14083.163,15145.646,13747.972,1298.2854,298.42871,7.0079999,-5.006,0.10430936,0.15860967,0.71763957,0.31792149,0.038937725,0.28236046,0.68207848,0.24342273,321.6366,142.48824,17.451376,126.55024,305.69861,109.09887,11,0,2,0.10430936,0.15860967,0.62068963,1.5882,99.365433,22.544069,0,36.879158,6.37115,33.203491,0,141.14548,75.473625,72.165527,11.89129,0,96.547424,36.0215,6.37115,23.401724,216.61909,41.534996,66.652031,6.6177845,2.0300763,1.0051708,111.99,0.37091795,5.9068904,4.1395745,9.3506536,448.18683,583.61938,420.375,491.62405,22.580544,0,46.850132,56.271172,306.93402,22.381124,78.851715,2.4865777,0.14043772,2.561445,1.8669822,1.061427,0.42175671,0.19473793,0.079647906,0.035691909,0.014393001,1105.5,666.25,518.5,448.625,388,272.625,156,82.875,13.162447,0.70710677,13.086252,0.5,0.5,0.70710677,-2.576298,-2.5533211,-2.5095551,-7.4638152,-7.3029747,-6.9844003,1.4732059,165.25,84,79.125,28.5,8,4,6.5,2.875,0.098119579,0.040122598,0.30404586,0.28748885,0.44755751,0.62300217,0.6786918,0.34158671,0.55707186,1.1001954,0.16621536,0.69717777,0.95271266,1.4438802,2.1202769,3.6348145,4.3191872,5.2147665,1.4043307,713.15106,1001.5,1542.75,847.125,401.375,129.125,50.875,18,8.25,2.875,1377.5,763.125,322.25,100.625,42.875,14,1.75,0,395.55499,3100,38,134
o1,-0.309947467,4.1680098,0.16261925,12.745708,-125929.73,-1175228.8,990.9801,-18.428249,18.428249,-10.58008,79.478516,704.41162,338.50961,105.97718,494.16754,210.24406,1,3,2,12,6,74,3,33,22,101.27149,1.3685337,24,0,41,9,0,1.7420737,-2.6770086,-0.53103834,0.64615071,2.6583436,-3.4721754,-0.47554812,0.60299963,2.4595082,-2.4804087,-0.4083519,0.7223236,2.8469648,48.121487,13,0.38235295,12,75,34,7,15,0.44117647,60,3698.5559,733.78595,24.053831,20.41057,15.861443,17.363596,15.879918,11.543478,6.1547008,7.9663267,232.53244,2964.77,0.93133366,0.67399377,20,3.298305,1.2536808,-1.892298,-2.3929706,14.41313,130.29176,-297.45306,-0.58774292,-1.14E-13,-1.14E-13,-475.08105,0.57033485,6.4259343,0.007433931,13.160864,47.336201,0.48055655,0.1504478,0.70153236,0.29846764,5.2505608,1.0417006,4,-0.88802326,-0.3357752,0.13347152,2.7295749,-2.2596433,-0.31482351,0.14242336,2.6654983,-0.63076723,-0.18380596,0.15013805,2.9421895,3.7320452,63.994396,26.437874,-5.9740028,-7.7655711,1.8973367,0,10.043144,13.882488,3.9120238,8.0312929,14,1.5022546,0.05402495,29.231834,16.631693,11.52,21.80294,12.283358,8.4472237,8.1155548,9,9,1,1,3.562,-3.77051,10.109221,-126246.08,-1137466.9,998.82599,-18.303539,18.303539,-10.41175,13.383594,1,1,0.40103999,0.83784992,15,0,2,15,4,10.926,-6.9239998,6.6612601,-2.6612599,0.052237671,0.12842177,34.464172,276.27148,6.6995511,8.6190128,0,22.381124,68.952103,49.019615,62.179119,9.4210396,0,0,17.451376,0,0.80415356,0.24857144,0.031417958,0.19584647,0.75142854,0.1644285,446.67401,138.07115,17.451376,108.78461,417.38745,91.333229,0.5,1,8.4539042,-112926.78,-1115669.1,996.21075,-17.87739,17.87739,-10.5101,7915.7773,2835.8188,5924.5732,7071.1626,4677.8418,1777.39,1460.5457,10.926,-6.9239998,0.066904634,0.13850376,0.5262875,0.25652358,0.031417958,0.47371247,0.74347645,0.44229451,292.33093,142.48824,17.451376,263.12769,412.97037,245.6763,10,0,2,0.066904634,0.13850376,0.66666669,-2.9428,105.61406,22.544069,0,73.758316,6.37115,164.79224,0,141.14548,37.736813,5.513495,13.36863,6.2486277,96.547424,36.0215,6.37115,23.401724,178.88228,78.414154,131.58875,3.8416584,2.1483102,1.5491902,120.87,0.33706582,6.0874629,4.045392,9.7745037,555.45862,676.05225,489.25,564.17352,22.580544,0,46.850132,56.271172,392.69699,22.381124,78.851715,2.7604516,0.17072199,2.4544818,1.8141872,0.82527238,0.41067603,0.20575161,0.098968953,0.059495099,0.035623811,993,574,445.75,404.75,362.625,290.875,150.75,49.625,0.5,0.70710677,1.118034,0.70710677,1.118034,0.5,-2.4836273,-2.4512658,-2.4463589,-8.760644,-8.6834993,-8.6162863,1.2889764,103.875,-27.5,-6.25,-2.625,-7.375,1.625,8.125,7.25,0.12142456,0.061766524,0.33048749,0.33195361,0.4178113,0.51463532,0.56305438,0.29525298,0.16327672,0.46180326,0.14551437,0.69583786,0.99055558,1.471071,2.5722044,3.7142522,4.4913297,4.7976027,1.6383414,650.1239,1065.125,1309.5,670,301.125,124.125,54.125,25,14.375,7.375,1205.625,697.5,307.375,126.75,61.5,23.375,6.25,0.125,455.655,3952,44,154
o2,0.489512393,4.0840039,0.53689843,7.2733903,-132062.48,-1317831,526.2301,-13.97752,13.97752,-6.4990301,82.504166,737.29791,411.28171,252.32558,621.56903,115.72886,1,3,2,24,4,70,3,37,28,95.726601,1.367523,30,0,33,7,0,1.1550566,-2.464524,-0.6493845,0.69731051,2.4885604,-2.9299481,-0.53807992,0.80591482,2.4286232,-2.2233751,-0.49986199,0.85431087,2.7314472,36.735832,11,0.27500001,24,73,40,4,13,0.32499999,46,3617.634,1714.2999,25.710686,20.769859,17.220732,20.175152,18.20351,12.364845,9.6831741,13.415816,158.95615,1903.334,0.96047473,0.68679571,22,1.3014345,-0.66108954,-1.1190256,-0.066890851,9.3187885,-41.099819,-123.86675,0.048163008,-5.68E-14,-5.68E-14,-145.42596,-0.29076278,8.3164635,0.007084137,12.950165,62.659027,0.557823,0.34223014,0.84303647,0.1569635,4.906611,2.3251116,2,-0.80087125,-0.38999766,0.11836486,2.6579874,-2.1885486,-0.30153233,0.16445385,2.6767921,-0.56032544,-0.21605732,0.19305076,2.9151893,3.7324543,36.256786,10.255783,2.1032155,1.3445566,-4.5529094,0,16.173054,15.239532,1.9310209,8.1394968,14,1.3822037,0.04225624,29.969999,16.955017,10.160156,20.022381,11.189429,6.6460705,6.0551085,7,7,1,1,6.6760001,-7.2787099,7.7906723,-132257.02,-1303014.8,504.18027,-13.77887,13.77887,-6.4552102,14.993111,1,1,0.67933333,0.98564231,27,0,4,13,3,8.7959995,-6.7940001,4.6680961,-2.6680958,0.065117478,0.10748904,34.464172,131.33977,6.6995511,8.6190128,0,22.381124,51.714077,53.436695,184.72816,9.4210396,0,0,17.451376,0,0.82403517,0.50943726,0.033543888,0.17596483,0.49056274,0.14242095,428.7084,265.03726,17.451376,91.546577,255.21771,74.0952,0.5,1,4.3789377,-119470.53,-1327528.3,508.79526,-14.391,14.391,-6.8101401,8200.1572,4180.6313,6065.6631,6154.021,2640.9121,2067.8696,3491.376,8.7959995,-6.7940001,0.083105959,0.11686783,0.75675344,0.51792747,0.033543888,0.24324657,0.48207253,0.20970269,393.70474,269.45435,17.451376,126.55024,250.80063,109.09887,11,0,4,0.083105959,0.11686783,0.7027027,2.47334,99.365433,22.544069,0,36.879158,12.7423,70.9403,0,317.57733,0,5.513495,14.93889,0,96.547424,36.0215,12.7423,23.401724,355.31412,41.534996,0,3.0224483,2.3089132,2.2146492,111.99,0.32120815,6.321928,4.177958,10.10167,520.255,715.8504,511.875,567.16534,22.580544,0,46.850132,56.271172,379.00217,22.381124,78.851715,4.2087727,0.4230895,2.4468448,1.8823843,0.79836547,0.27993071,0.099034615,0.022389639,0.006660488,0,1184.625,703.25,528.375,468.375,420.875,351.75,205.25,96.5,8.6458082,0.86602539,8.6602545,0.70710677,0.70710677,0.70710677,-2.6767888,-2.6741784,-2.6702161,-5.9614382,-5.7377019,-5.6781425,1.2982602,85.5,-33.375,25.5,7,-3.5,-0.875,1.5,0,0.039981075,0.009607686,0.43466848,0.48449934,0.50133359,0.54927003,0.63861209,0.7490769,0.90236515,0.97071624,0.19455408,0.86624038,2.1533904,3.0215237,3.7756629,4.5748539,5.110836,0,1.6494657,673.3241,1110.625,1389,682,261.625,73.875,21.125,4.5,1.5,0,1303.5,715.375,236.125,66.875,24.625,5.375,0,0,491.64301,5432,52,182
o4,-0.147090433,3.7629564,0.47969708,4.5739765,-124874.57,-1222443.3,517.51764,-14.62954,14.62954,-6.5588198,76.316994,656.21606,401.35147,214.47897,536.93042,119.28563,1,3,2,24,4,64,3,35,26,88.86113,1.3884552,28,0,29,7,0,1.1906327,-2.3699019,-0.64872009,0.69788539,2.4015713,-2.9161108,-0.53807992,0.80591482,2.4229066,-2.1051152,-0.49986199,0.85431087,2.6667824,32.363003,9,0.23684211,24,67,38,3,11,0.28947368,40,3529.4849,1457.1702,24.296473,19.355646,15.806519,18.760939,17.20351,11.364845,8.6831741,12.415816,186.8725,2072.3147,0.98270059,0.69504428,20,1.7441647,1.3725445,-0.286939,1.037255,7.4648218,-46.588879,-152.53297,-0.011751278,5.68E-14,5.68E-14,-164.0784,-0.52329671,7.6237898,0.006480459,17.799931,58.134308,0.61161482,0.32684201,0.81822199,0.18177798,5.378541,2.2205646,2,-0.80074179,-0.38911751,0.11847623,2.6165245,-2.1885457,-0.30118784,0.16445385,2.6609015,-0.56015849,-0.21605732,0.19305076,2.8803699,3.7312989,35.579048,9.4273882,2.2593083,0.97897673,-4.1981325,0,16.173046,14.33076,1.8289695,7.7133622,14,1.8511776,0.1084374,28.01939,15.421075,9.0572319,18.252203,9.9072199,5.7604775,5.1665311,7,7,1,1,6.5,-7.1557698,6.1372213,-125049.28,-1161456.4,540.40918,-14.0946,14.0946,-6.3730001,14.053541,1,1,0.67776752,0.82446164,27,0,4,11,3,8.7939997,-6.7940001,4.5715909,-2.5715909,0.066564977,0.11152023,0,104.95512,33.084202,8.6190128,0,22.381124,51.714077,53.436695,184.72816,9.4210396,0,0,17.451376,0,0.81155145,0.54557902,0.035923641,0.18844856,0.45442098,0.15252492,394.24423,265.03726,17.451376,91.546577,220.75354,74.0952,0.5,1,4.5166206,-112573.95,-1210398.3,540.64331,-14.59346,14.59346,-6.8087401,6564.3462,3556.1094,4325.7842,5246.7983,2031.0367,2459.0393,2074.27,8.7939997,-6.7940001,0.083124861,0.11686783,0.73949641,0.55467159,0.035923641,0.26050356,0.44532844,0.22457993,359.24057,269.45435,17.451376,126.55024,216.33646,109.09887,10,0,4,0.083124861,0.11686783,0.6857143,2.9212,99.365433,22.544069,0,0,12.7423,33.203491,0,317.57733,0,42.392651,14.00649,0,96.547424,36.0215,12.7423,23.401724,354.45648,4.6558404,0,2.7782452,2.3346972,1.9242172,111.99,0.33549348,6.2479277,4.0509682,9.9480419,485.7908,666.99207,471.75,526.90381,22.580544,0,46.850132,56.271172,347.38516,22.381124,78.851715,5.095058,0.27060813,2.5192955,2.0110855,0.84742326,0.34723744,0.15778886,0.073095448,0.043858763,0.020349301,1030.5,610.125,449.25,395,355.5,304.875,189.875,86,0.5,8.2006102,8.6023254,0.70710677,0.5,0.86602539,-2.6373358,-2.6302326,-2.5652747,-7.9218078,-7.8903852,-7.6399736,1.2326648,95.625,-19.25,12.125,11.5,2.375,6.625,8.25,3.125,0.082359485,0.039556962,0.7412402,0.7586382,0.79845071,0.85254455,0.97102606,1.1382685,1.1148095,1.319514,0.31614459,1.2562454,2.8746903,3.7426932,4.2998104,5.1507645,5.2738209,5.3309193,1.6885041,603.93695,1019.75,1312.75,683.5,271,93.25,37,15.625,8.375,3.125,1217.125,702.75,258.875,81.75,34.625,9,0.125,0,463.58899,4492,50,174
o5,0.642168353,4.0807233,0.47823071,11.960585,-141479.52,-1346616.3,506.97293,-14.39804,14.39804,-6.6512599,79.343414,689.7597,344.97168,304.11578,569.72711,120.03262,2,4,2,24,4,64,3,37,28,99.360619,1.5525097,28,2,27,7,0,1.1824075,-2.3681362,-0.64491475,0.70126265,2.4025497,-2.9161091,-0.53807992,0.8353619,2.4317331,-2.1043272,-0.49986199,0.8716802,2.6679678,31.016588,9,0.22499999,24,67,40,3,11,0.27500001,40,3052.3093,2082.5847,26.036959,21.468733,15.651818,18.501425,17.991203,12.320106,8.5045414,12.048809,40.8559,969.72455,1.0565059,0.76187724,22,3.4155819,-0.18429998,-2.7833862,1.9710389,7.6107697,-35.596764,-153.25446,-0.017371342,0,0,-176.14561,-0.4263314,7.6580763,0.006807255,17.862827,58.48793,0.5001331,0.44090104,0.82597905,0.17402093,4.4251781,3.0192902,2,-0.80074108,-0.3842482,0.11847744,2.6181602,-2.1885452,-0.30101177,0.21438532,2.6684361,-0.56015837,-0.21605732,0.25588819,2.8840995,4.2388554,35.152344,9.0392103,3.5195184,2.3794277,-5.543992,0,16.621193,15.200184,1.8557584,7.7956309,14,1.7319438,0.090622917,29.969999,15.699537,9.5537186,21.796965,11.309902,6.835299,6.6627445,7,7,0,2,7.684,-8.6243496,14.84553,-140748.2,-1296197.3,497.77386,-14.28713,14.28713,-6.5505099,15.047054,1,1,0.66278625,0.6922766,27,0,4,11,3,8.8479996,-6.848,4.5360355,-2.5360358,0.067086741,0.11308374,9.0394926,96.424347,33.084202,8.6190128,0,22.381124,51.714077,102.45631,170.36263,9.4210396,0,0,17.451376,0,0.82427114,0.57527453,0.033498906,0.17572884,0.42472544,0.14222994,429.40704,299.69135,17.451376,91.546577,221.26227,74.0952,0.5,1,10.658817,-126472.92,-1334803.9,508.2522,-14.04102,14.04102,-6.7876201,8867.001,4990.8867,5212.9541,7530.1606,2503.0039,3451.7651,2912.2319,8.8479996,-6.848,0.082617544,0.11594626,0.75707966,0.58375341,0.033498906,0.24292037,0.41624662,0.20942146,394.40338,304.10843,17.451376,126.55024,216.84518,109.09887,11,0,4,0.082617544,0.11594626,0.27027026,4.2280002,99.365433,22.544069,0,0,12.7423,33.203491,7.0012131,282.29095,0,120.68994,15.00849,0,96.547424,36.0215,19.743513,23.401724,319.1701,4.6558404,78.297287,2.7883656,2.355191,1.9282727,111.99,0.32120815,6.321928,4.1503749,10.103761,520.95361,698.90393,504,558.16089,22.580544,0,46.850132,56.271172,383.97159,22.381124,78.851715,5.4873028,0.29551819,2.5101459,1.9943047,0.87857437,0.32275116,0.15164831,0.066280454,0.042781759,0.02220498,1146.625,685.875,507.625,436.625,389.875,337.75,222.25,114.875,0.5,0.5,0.70710677,0.5,0.70710677,1.118034,-3.0601273,-2.7408736,-2.7215717,-7.9084067,-7.6203499,-7.5675025,1.2570786,127.625,39.875,22.75,8.75,3.25,6.5,8.625,3.875,0.071903475,0.037503578,0.73101193,0.72675127,0.75626403,0.77504981,0.8257733,1.0001606,1.0609018,1.5139545,0.37954175,1.3272148,3.1034112,4.3507571,4.7310696,5.557219,5.7496037,5.686666,1.6963135,646.4754,1096.625,1426.375,747.625,287.75,91.875,36.5,16.375,8.75,3.875,1298.75,707.75,265,83.125,33.25,9.875,0.125,0,532.479,5312,54,186
o6,-0.405668033,3.8544416,0.50095743,5.2668743,-141484.2,-1352291.1,502.27933,-14.34193,14.34193,-6.4966402,79.343414,679.36572,376.17026,269.51248,564.80841,114.5573,2,4,2,24,4,64,3,37,28,99.360619,1.5525097,28,2,27,7,0,1.206143,-2.3643842,-0.66543221,0.6842038,2.4062717,-2.916075,-0.47898227,0.85534269,2.4419327,-2.1020432,-0.43271372,0.93860471,2.6707003,31.016588,9,0.22499999,24,67,40,3,11,0.27500001,40,3328.3545,1845.6213,26.036959,21.468733,15.651818,18.501425,18.024878,12.332072,8.5165081,12.082483,106.65778,1482.733,1.0644257,0.76187724,20,1.4633621,1.1091799,0.76937461,-0.56498784,9.1887827,-58.941784,-165.88617,0.015456362,8.53E-14,8.53E-14,-167.64217,-0.26469734,7.9931655,0.004458815,17.374035,60.697781,0.55370802,0.39671192,0.83137608,0.16862391,4.8992085,2.7166831,2,-0.80072463,-0.40309691,0.11848021,2.619283,-2.1885443,-0.30108076,0.21439385,2.6728141,-0.56015533,-0.18543583,0.25592399,2.8865604,4.2253356,35.039436,8.8491392,3.7770455,2.4148195,-5.5792503,0,16.62088,15.200142,1.8049939,7.648849,14,1.9564648,0.12466772,29.969999,15.699537,9,21.796965,11.309902,6.4391356,6.6627445,7,7,0,2,7.6799998,-8.6243496,5.0691404,-140751.66,-1314983.6,494.32233,-14.35587,14.35587,-6.3218899,15.054531,1,1,0.74003804,0.81003821,27,0,4,11,3,8.8479996,-6.848,4.572298,-2.5722978,0.066554829,0.11148958,13.456573,96.424347,33.084202,8.6190128,0,22.381124,51.714077,73.529427,194.87244,9.4210396,0,0,17.451376,0,0.82427114,0.56679571,0.033498906,0.17572884,0.43320429,0.14222994,429.40704,295.27426,17.451376,91.546577,225.67934,74.0952,0.5,1,6.4836326,-126481.08,-1333535.6,500.0304,-14.47104,14.47104,-6.6636801,7910.8921,4591.5186,5025.8301,6204.4355,2771.8604,2640.4631,2498.5684,8.8479996,-6.848,0.082617544,0.11594626,0.75707966,0.58375341,0.033498906,0.24292037,0.41624662,0.20942146,394.40338,304.10843,17.451376,126.55024,216.84518,109.09887,10,0,4,0.082617544,0.11594626,0.27027026,4.2280002,99.365433,22.544069,0,0,12.7423,33.203491,7.0012131,282.29095,0,120.68994,15.00849,0,96.547424,36.0215,19.743513,23.401724,319.1701,4.6558404,78.297287,2.7683048,2.470787,1.9593604,111.99,0.32120815,6.321928,4.0852256,10.110002,520.95361,698.90393,500.25,558.17657,22.580544,0,46.850132,56.271172,383.97159,22.381124,78.851715,5.0599332,0.30434489,2.5122588,2.0143371,0.87350988,0.33071458,0.15186264,0.06458991,0.038523458,0.020418497,1111.875,664.125,485.125,420,376.25,321.875,208,105.5,7.6321688,9.6306801,9.9749689,0.5,0.70710677,0.86602539,-2.5567,-2.4905169,-2.4873447,-8.4964991,-7.9939985,-7.9439068,1.2306504,108.625,1.375,18.5,9.625,5.25,5.25,7.625,3.5,0.075753674,0.03422619,0.73265511,0.78846329,0.82018006,0.85336781,0.93971014,1.0564405,1.0846032,1.3544726,0.26530391,1.1473848,2.7528653,3.8297405,4.2616854,5.0321259,5.4215126,5.3808541,1.722743,625.60114,1077.75,1373.25,715.125,274.125,89.625,36.75,14.375,8,3.5,1264.625,713.75,255.625,80,31.5,9.125,0.375,0,532.479,5192,56,186
m1,-0.553613,5.027102,0.06230196,31.765257,-125964.55,-1071061.8,939.8537,-17.00036,17.00036,-9.6991596,79.478516,797.70502,373.96979,161.24301,548.70166,249.00334,1,3,2,12,6,74,3,33,22,101.27149,1.3685337,24,0,41,9,0,1.6038631,-2.6770155,-0.53581399,0.66215038,2.6581395,-3.4721754,-0.49626407,0.54057372,2.4583445,-2.4804037,-0.44652978,0.72281033,2.8465753,48.121487,13,0.38235295,12,75,34,7,15,0.44117647,60,4085.9939,1116.4465,24.053831,20.41057,15.861443,17.363596,15.846245,11.531512,6.1427345,7.932653,212.72679,2969.5474,0.93062037,0.67399377,22,9.9302444,-1.2841536,9.5613346,2.3540571,11.589697,135.31795,-300.79904,-0.009170201,-2.84E-13,-2.84E-13,-489.99792,0.32960221,6.3458838,0.007078545,6.422401,53.880966,0.46880713,0.20213363,0.68785036,0.31214964,5.1221867,1.3995732,4,-0.88801068,-0.34437898,0.13153762,2.6887729,-2.259625,-0.33963665,0.15326835,2.6282895,-0.63075006,-0.19892034,0.14336504,2.9006381,3.9441574,64.439255,26.940809,-5.8144732,-7.9846549,2.0330563,0,10.003029,13.877102,3.8747041,7.8747668,15.051008,1.6335307,0.077099606,29.231834,16.631693,12.5,21.80294,12.283358,9.1658239,8.1155548,9,9,1,1,3.6400001,-3.77051,33.749031,-126255.5,-1081550.9,989.40936,-17.477871,17.477871,-9.9190197,13.376117,1,1,0.41780591,0.62905008,15,0,2,15,4,10.926,-6.9239998,6.5871487,-2.5871489,0.052825388,0.13210052,34.464172,282.97104,0,8.6190128,0,22.381124,68.952103,73.529427,37.669312,9.4210396,0,0,17.451376,0,0.80415356,0.24857144,0.031417958,0.19584647,0.75142854,0.1644285,446.67401,138.07115,17.451376,108.78461,417.38745,91.333229,0.5,1,0,-120789.16,-1253585.4,506.46271,-13.72986,13.72986,-6.84232,11515.202,4700.9849,7077.8193,11251.6,4306.2437,5787.3765,1421.5817,0,0,0,0,0,0,0.031417958,0.47371247,0.74347645,0.44229451,292.33093,142.48824,17.451376,263.12769,412.97037,245.6763,11,0,2,0.066904634,0.13850376,0.4848485,-2.9428,105.61406,22.544069,0,73.758316,6.37115,164.79224,0,141.14548,37.736813,5.513495,13.36863,6.2486277,96.547424,36.0215,6.37115,23.401724,178.88228,78.414154,131.58875,4.044559,3.2495079,1.0095365,120.87,0.33706582,6.0874629,4.2026424,9.7487373,555.45862,676.05225,489.625,562.49017,22.580544,0,46.850132,56.271172,392.69699,22.381124,78.851715,3.276974,0.15188128,2.4295566,1.8094993,1.0109397,0.43373927,0.22105147,0.1107433,0.06516131,0.034870427,1175.5,703,545.375,476,414.875,320.875,180.625,93.375,6.5764732,7.3143692,0.86602539,0.70710677,1.118034,0.5,-2.5992768,-2.4510052,-2.4173558,-9.3150225,-9.2937098,-9.0752048,1.4334375,116.75,-1.125,36.625,12.375,0.75,2.625,7.5,4.75,0.11643365,0.06197479,0.36765486,0.3138403,0.65604961,0.91459191,1.1036321,0.67280912,0.52874422,1.1273041,0.39847168,1.3644282,1.9165859,2.2617395,2.6581368,3.5094485,3.3318846,2.9536457,1.5029966,752.4967,1131,1572.75,841.875,401.875,145.75,63.5,29.5,16.25,7.75,1456,843,365.25,133.375,62.75,26.875,8.75,3,455.655,4276,42,154
m3,-0.1767986,4.6595578,0.12245054,11.417138,-135070.3,-1260308.1,512.90015,-13.78395,13.78395,-6.3036299,79.850586,745.03485,425.58694,217.77911,591.28864,153.74625,2,4,4,24,4,68,5,37,26,97.232124,1.4298842,28,0,31,9,0,1.0647943,-2.4578424,-0.58504564,0.66305304,2.4878957,-2.9300566,-0.49709207,0.74868953,2.4102805,-2.2218018,-0.45224723,0.79704577,2.7254436,37.189419,11,0.27500001,24,71,40,4,13,0.32499999,44,3888.1621,1553.6362,25.710686,20.509586,16.066031,18.760939,18.169836,12.052341,8.3378754,11.382143,207.80782,2334.5261,0.98946428,0.70749539,24,3.5709908,1.4216048,-0.17188518,3.2713103,9.7217121,-77.46875,-154.87584,0.02442346,0,0,-144.18628,0.42963582,7.0165896,0.006461931,9.7958355,66.779182,0.57123089,0.29230726,0.79363883,0.20636114,5.2187653,2.08532,2,-0.8032338,-0.36078221,0.13154221,2.6004889,-2.1882081,-0.34552494,0.15327175,2.6155126,-0.56023592,-0.20060796,0.17841476,2.856123,8.1191216,37.957726,11.985761,0.8505317,-0.46931675,-3.6575522,0,16.12907,14.988717,1.9295014,7.9454341,8.4188614,1.8465824,0.089199714,29.969999,16.955017,10.826222,19.871443,11.102342,7.0253892,5.9626904,9,7,1,1,4.2880001,-4.7624302,11.406552,-135269.27,-1233408.9,507.77982,-13.65629,13.65629,-6.2334499,14.626654,1,1,0.31552097,0.81169409,27,0,4,13,4,9.1359997,-7.1339998,4.6783457,-2.6783457,0.064974636,0.10709896,101.44783,129.50854,0,8.6190128,0,22.381124,51.714077,102.45631,62.179119,9.4210396,0,0,28.816528,0,0.80076855,0.39275098,0.055787213,0.19923145,0.60724902,0.14344424,413.63187,202.873,28.816528,102.91173,313.67059,74.0952,0.5,1,12.970037,-120789.16,-1253585.4,506.46271,-13.72986,13.72986,-6.84232,10717.198,3179.2751,8178.8506,10076.271,5472.9355,3893.5544,1350.7086,9.1359997,-7.1339998,0.080013134,0.11129801,0.73300338,0.40130219,0.055787213,0.26699662,0.59869778,0.2112094,378.6282,207.29007,28.816528,137.91539,309.25351,109.09887,12,0,4,0.080013134,0.11129801,0.54054052,1.26334,99.365433,56.115128,0,36.879158,12.7423,70.9403,0,280.57565,0,5.513495,14.49789,0,130.11848,36.0215,12.7423,23.401724,318.31244,41.534996,0,4.0588012,2.4349875,1.4202936,137.77,0.32120815,6.321928,4.3271871,10.077068,516.54358,697.69928,498.875,549.90735,33.945694,0,46.850132,56.271172,365.34921,22.381124,90.216866,3.414475,0.15804669,2.5185525,2.0949564,1.1378469,0.45498833,0.22097661,0.10366202,0.044008095,0.0178576,1160.25,700.875,527.875,449,391.125,324.125,202.5,108.375,3.5355339,3.0413814,0.5,0.5,0.70710677,0.5,-2.7103405,-2.5468662,-2.4925566,-7.8308005,-7.742166,-7.4232445,1.3351338,176.25,92.5,109.75,45.375,21.625,11.5,8.125,2.875,0.1096377,0.052060135,0.38152808,0.41541398,0.33430558,0.38982937,0.48721153,0.55922836,0.71070379,0.67131966,0.2395404,0.66897666,1.5366935,2.2860508,3.0852313,3.9154341,5.2097807,5.7264485,1.5986587,687.92047,1099.75,1576.875,893,411.125,135.875,57.875,23.375,9.625,3.125,1400.625,800.5,301.375,90.5,36.25,11.875,1.5,0.25,493.61899,5872,50,182
m4,2.165711567,4.2483597,0.3673276,2.0260231,-124879.41,-1134510.5,512.67651,-13.89312,13.89312,-6.3710098,76.316994,716.81268,406.14978,266.11374,578.4682,138.34448,1,3,2,24,4,64,3,35,26,88.86113,1.3884552,28,0,29,7,0,1.0939083,-2.3676343,-0.64872009,0.69788539,2.3962371,-2.9162083,-0.53807992,0.80591482,2.4200253,-2.1037943,-0.49986199,0.85431087,2.6599066,32.363003,9,0.23684211,24,67,38,3,11,0.28947368,40,3571.6814,1807.9767,24.296473,19.355646,15.806519,18.760939,17.169836,11.352879,8.6712084,12.382143,140.03606,1763.7046,0.97932714,0.69504428,22,2.0609176,0.20987236,-1.4394416,-1.4599121,7.074162,-74.051514,-156.75282,0.017961899,0,0,-148.12273,-0.66315162,7.7497468,0.006218907,12.025716,65.421425,0.56660521,0.37124586,0.80700052,0.1929995,4.9827261,2.5222445,2,-0.80319035,-0.38911751,0.11262416,2.5732882,-2.1882062,-0.31207773,0.16445385,2.6247644,-0.56006229,-0.21605732,0.19305076,2.8387988,3.9438469,36.016239,9.9233694,2.6301632,0.7618084,-4.0634928,0,16.132917,14.325372,1.740949,7.5307589,15.077321,2.165122,0.16464773,28.01939,15.421075,9.6711111,18.252203,9.9072199,6.1509099,5.1665311,7,7,1,1,6.5780001,-7.1557698,1.4187104,-125053.66,-1100553.4,501.45859,-13.95529,13.95529,-6.2518802,14.046064,1,1,0.64174968,0.73188257,27,0,4,11,3,8.7939997,-6.7940001,4.4974794,-2.4974797,0.067661673,0.11485235,0,111.65467,26.384649,8.6190128,0,22.381124,51.714077,77.946503,160.21835,9.4210396,0,0,17.451376,0,0.81155145,0.54557902,0.035923641,0.18844856,0.45442098,0.15252492,394.24423,265.03726,17.451376,91.546577,220.75354,74.0952,0.5,1,1.6880438,-112586.32,-1103130,506.79941,-13.86629,13.86629,-6.6052999,8367.1133,4524.3677,5159.8091,7050.0503,3503.6895,3262.1523,1601.2715,8.7939997,-6.7940001,0.083124861,0.11686783,0.73949641,0.55467159,0.035923641,0.26050356,0.44532844,0.22457993,359.24057,269.45435,17.451376,126.55024,216.33646,109.09887,11,0,4,0.083124861,0.11686783,0.51428574,2.9212,99.365433,22.544069,0,0,12.7423,33.203491,0,317.57733,0,42.392651,14.00649,0,96.547424,36.0215,12.7423,23.401724,354.45648,4.6558404,0,3.0968134,2.7323751,1.8769029,111.99,0.33549348,6.2479277,4.2088532,9.9208946,485.7908,666.99207,473.375,531.86255,22.580544,0,46.850132,56.271172,347.38516,22.381124,78.851715,4.0814424,0.2541146,2.4929247,2.0426617,1.0180362,0.37635502,0.17421274,0.0903387,0.053219568,0.027163222,1143,688.875,519.75,447,397.375,333.625,210.5,112.375,0.5,0.5,0.70710677,1.118034,0.5,0.70710677,-3.1263928,-3.0473998,-2.8948152,-8.7014265,-7.6191406,-7.5792928,1.316726,114.75,2.125,34.125,11.125,5.875,6.125,9.5,5.125,0.088263586,0.046140939,0.42124811,0.34846258,0.42509025,0.54203957,0.6889444,0.70432448,0.37280044,0.38907099,0.35167339,1.0419611,1.9291506,2.8716767,3.8146269,4.4183011,4.5189571,4.5453658,1.6025583,663.08044,1062.625,1475.875,799.375,343.5,107,45.875,20.625,11.125,5.125,1361.125,797.25,309.375,95.875,40,14.5,1.625,0,463.58899,4872,48,174
m7,-0.789776333,4.6953135,0.20594946,8.1139698,-162842.88,-1489447.4,552.47534,-12.08056,12.08056,-5.8241701,102.77134,817.33545,455.62659,318.27335,691.90723,125.42822,2,4,2,36,4,84,3,47,38,111.67628,1.3294796,40,0,37,7,0,0.81652391,-2.3726799,-0.6475746,0.69850868,2.3986964,-2.9162076,-0.53807992,0.80591482,2.4552269,-2.1049321,-0.49986199,0.85431087,2.6672547,41.108658,11,0.21153846,36,89,52,3,13,0.25,50,4553.5322,2544.2773,32.262726,25.974449,22.42532,26.727194,23.102489,15.495613,12.813943,18.314796,137.35323,2009.2548,0.96821541,0.68653995,30,0.52791035,-0.12284835,-0.11953741,-0.49930796,8.7447882,-97.723396,-132.92659,-0.16402633,-1.14E-13,-1.14E-13,-128.86691,-1.4800062,13.058445,0.008396396,22.124588,93.663719,0.55745357,0.38940361,0.84654009,0.15345991,5.5711913,3.1128924,2,-0.80319047,-0.38766721,0.11029178,2.6645083,-2.1882107,-0.27992323,0.16445385,2.7468157,-0.56006277,-0.21605732,0.19305076,2.9411819,3.9438274,38.225555,12.124815,6.0396972,4.1482077,-8.5374613,0,22.64188,19.293318,1.7321882,7.5142817,15.077377,2.2011876,0.17060773,36.779587,19.565218,11.5,24.026495,12.652523,7.383657,6.4679952,7,7,0,3,10.498,-12.00853,0,-149610.58,-1346831.5,961.74353,-16.35928,16.35928,-8.8521004,19.016657,1,1,0.44882673,0.82078254,39,0,6,13,5,9.9940004,-7.994,4.9965181,-2.9965181,0.06090381,0.095724896,0,145.77776,26.384649,8.6190128,0,22.381124,51.714077,86.780663,258.25757,9.4210396,0,0,17.451376,0,0.85394317,0.59336025,0.027842579,0.14605686,0.40663975,0.11821427,535.24072,371.91064,17.451376,91.546577,254.87663,74.0952,0.5,1,3.4008873,-148191.53,-1806104.8,561.50146,-13.52312,13.52312,-6.7156401,13575.576,5369.2778,9818.9551,11962.92,6359.4385,3089.0183,4127.1196,0,0,0,0,0,0,0.027842579,0.20190302,0.41368693,0.17406043,500.23703,367.49359,17.451376,126.55024,259.2937,109.09887,15,0,6,0.073143885,0.099324495,0.34042552,6.2551999,99.365433,22.544069,0,0,12.7423,33.203491,0,471.46509,0,42.392651,19.093691,0,96.547424,36.0215,12.7423,36.144024,495.60196,4.6558404,0,3.8902736,2.5652924,1.7654705,111.99,0.27386162,6.7004399,4.6461191,10.758607,626.78729,896.93976,636,689.22632,22.580544,0,46.850132,56.271172,482.68729,22.381124,78.851715,5.7255392,0.32271308,2.4782755,2.025209,0.96718186,0.29612693,0.1194728,0.049513359,0.026718792,0.011119974,1380.125,853.375,635.125,539.625,481.5,415.375,284.75,165.625,0.70710677,0.86602539,0.5,6.5192022,6.5764732,0.5,-3.0390627,-3.0226414,-2.9753423,-9.127471,-7.4104524,-7.2802792,1.2877718,131.25,10.875,46.25,13.875,2.5,4.125,5.25,1.875,0.05254871,0.022932593,0.43508318,0.39715979,0.39465225,0.45712698,0.54646701,0.59326351,0.64069599,0.4267678,0.30534124,0.8868413,2.1949735,3.7581849,5.3859973,7.1503329,7.1918435,6.9156208,1.7704034,757.03088,1340.25,1687.5,900.75,348,94.125,33.375,12.375,5.75,2.125,1556.25,889.875,301.75,80.25,30.875,8.25,0.5,0.25,615.78497,11664,70,242
m10,-0.622277467,7.2964954,0.036647912,18.388952,-149259.81,-1348492.4,923.22687,-16.309311,16.309311,-8.7345695,92.719269,988.31561,395.92542,160.64424,717.24609,271.06949,2,4,4,12,6,86,5,39,26,118.93341,1.3829466,28,0,47,11,0,1.0583446,-2.7967086,-0.5070439,0.66250509,2.7536898,-3.5073848,-0.49683774,0.53288066,2.488709,-2.575475,-0.44661763,0.70199066,2.9676189,58.640728,11,0.26190478,12,89,42,4,13,0.30952382,74,4967.2803,1372.5444,27.451172,23.547638,18.104084,19.606237,18.957531,14.135985,7.1427345,8.9326534,235.28119,3594.7361,0.95411134,0.68786514,26,5.1272597,-2.8070107,-1.8073375,3.891403,18.91506,185.04492,-88.328789,0.032605998,-5.68E-14,-5.68E-14,-342.37677,2.1111705,10.414036,0.011327509,-5.9511304,69.003044,0.40060627,0.16254346,0.72572577,0.27427423,5.0260062,1.3887713,4,-0.88573098,-0.35347617,0.13154344,2.8308828,-2.2598679,-0.34699818,0.15326849,2.7218735,-0.63020867,-0.19913398,0.13601218,3.0369492,7.7200756,65.061356,27.510632,-6.0922074,-8.8200054,1.7249465,0,10.003027,16.018847,3.8580368,7.8095775,9.5666494,2.8439021,0.15408398,31.925171,17.197355,11.305785,24.978775,13.363521,8.7421989,8.5590868,11,9,0,3,1.806,-3.4604299,18.575163,-149610.58,-1346831.5,961.74353,-16.35928,16.35928,-8.8521004,15.417542,1,1,0.11625427,0.93499786,27,0,4,17,5,12.546,-8.5439997,7.1524515,-3.1524515,0.048689738,0.1070364,130.33858,254.34755,0,8.6190128,0,22.381124,68.952103,73.529427,37.669312,9.4210396,0,0,17.451376,0,0.82530439,0.22172642,0.028024906,0.17469558,0.77827358,0.14667068,513.92493,138.07115,17.451376,108.78461,484.63837,91.333229,0.5,1,18.362577,-133531.34,-1336402.5,923.11694,-16.490879,16.490879,-9.1054802,28629.773,3245.1724,26099.938,27914.436,14875.371,5689.0493,8065.3521,12.546,-8.5439997,0.058265582,0.11224251,0.48260161,0.22881974,0.028024906,0.51739836,0.77118027,0.48937348,300.52063,142.48824,17.451376,322.1889,480.22128,304.73752,13,0,4,0.058265582,0.11224251,0.56410259,-4.3513999,105.61406,28.792696,0,221.27493,6.37115,98.997871,0,141.14548,0,5.513495,15.52183,6.2486277,102.79605,36.0215,6.37115,23.401724,141.14548,225.93077,65.794373,7.4570284,2.3722975,1.427547,127.35,0.30819827,6.3923173,4.4127774,10.226128,622.70953,781.78259,563.625,629.02142,22.580544,0,46.850132,56.271172,455.67712,22.381124,78.851715,2.076601,0.11335274,2.4699066,1.9181399,0.98515332,0.43776113,0.21346655,0.11315014,0.066892534,0.033531763,1413.25,831.875,633.25,560.75,492.5,382.125,216.875,91,5.4083271,0.70710677,5.17204,13.490738,12.903488,0.70710677,-2.4994287,-2.4937003,-2.477324,-9.1772366,-8.508029,-8.2286243,1.564738,169,60.125,85.75,46.625,21.25,22.25,19,8,0.11685748,0.063530989,0.42989212,0.39034069,0.55525166,0.70221967,0.80249733,0.48307842,0.3106885,0.68146676,0.19841853,0.80495203,1.2703727,1.4115577,1.5774778,1.548373,1.5634334,1.2275504,1.4389167,897.11591,1290.875,1899.75,1020.25,473.25,173.25,74,35.625,19.375,8,1730.75,960.125,387.5,126.625,52.75,13.375,0.375,0,537.76099,6876,54,194
m15,-0.17157661,4.0591884,0.20424695,2.5363457,-126524.35,-1049032.3,478.21979,-13.97258,13.97258,-6.3723898,68.213821,651.74158,347.13757,255.29359,500.6138,151.12776,1,3,2,22,4,58,3,33,18,91.975906,1.5857915,24,0,25,7,2,1.0985614,-2.3259461,-0.61285925,0.74377817,2.4109638,-2.9160819,-0.49992552,0.83981097,2.4018943,-2.0848708,-0.46261361,0.96280992,2.6482389,31.822174,9,0.25,22,61,36,3,11,0.30555555,36,2870.1333,1599.6697,22.882257,17.862741,13.497117,15.93251,16.169836,10.321848,6.7605247,9.5656462,91.843964,1270.4637,1.0239792,0.73623818,20,2.2966948,0.37770548,-0.87234616,-2.0907314,8.4947243,-73.376793,-180.16656,0.00433717,-2.84E-14,-2.84E-14,-146.17757,-0.41545194,5.0965438,0.005525165,10.617249,39.387791,0.53263068,0.39170986,0.76811701,0.23188296,4.403791,2.4544539,2,-0.83924848,-0.40583616,0.14103357,2.5324686,-2.1881945,-0.31211454,0.23164146,2.5745499,-0.5600847,-0.20408322,0.27748919,2.789094,4.6333828,36.427811,9.9789209,2.6423471,-0.53267437,-2.9822657,0,14.542182,12.994095,0.78717643,6.5330815,15.07848,3.8255248,1.0938121,26.074074,13.921231,8.5612364,17.450472,9.1897488,5.595006,4.8595595,9,7,1,1,4.0079999,-6.6589098,2.4795849,-126786.24,-1052879.1,450.12204,-14.0072,14.0072,-6.46632,12.727358,1,1,0.56891507,0.66351277,25,0,4,11,3,8.2679996,-6.2659998,4.8980145,-2.8980143,0.062152915,0.16005391,0,123.07213,51.832462,8.6190128,0,22.381124,51.714077,122.54904,37.669312,9.4210396,0,0,17.451376,5.0075121,0.78530037,0.42715362,0.049940038,0.21469963,0.57284635,0.16475959,353.16299,192.09828,22.458887,96.554092,257.6188,74.0952,0.5,1,2.1283486,-113741.27,-1038278.2,481.43723,-13.91874,13.91874,-6.7117801,7307.7349,3724.627,4343.9482,6546.8945,2906.8303,1430.9706,2969.9338,8.2679996,-6.2659998,0.088413157,0.12671562,0.70746553,0.55688828,0.049940038,0.29253447,0.44311175,0.24259445,318.15933,250.44217,22.458887,131.55775,199.27492,109.09887,10,0,4,0.088413157,0.12671562,0.4848485,2.1071999,99.365433,22.544069,0,0,17.268791,52.218185,0,251.53107,0,42.392651,12.45969,19.014692,96.547424,36.0215,17.268791,23.401724,288.41022,4.6558404,0,3.1328449,2.6983566,1.4158481,138.27,0.3512581,6.1699252,4.122395,9.7519407,449.71707,602.40149,433.125,488.43048,22.580544,0,46.850132,56.271172,248.11713,88.422623,78.851715,3.6389606,0.22921631,2.5475049,2.1338007,1.1625584,0.43327269,0.18562576,0.098316595,0.061246913,0.032669362,1018.75,609.125,458.625,389.375,338,278.5,176.75,98.125,0.5,0.5,1,0.5,2.0615528,2.3452079,-3.0398588,-2.9288747,-2.7887311,-8.4076385,-8.4016266,-8.3791113,1.2799133,126.375,53.25,66.875,22.75,7.125,10.25,11.125,5.125,0.097846828,0.056179777,0.31865278,0.25830731,0.22873367,0.27371153,0.34518266,0.44518477,0.38211924,0.67862809,0.43614513,0.80861861,1.3184359,2.1019957,3.8447659,4.5810366,4.5476952,3.6744177,1.6006578,607.56268,972.5,1395.625,786.5,362.5,111.5,44.875,21.875,12,5.25,1269.25,733.25,295.625,88.75,37.75,11.625,0.875,0.125,443.51099,4102,42,166
m22,0.023371867,4.9431157,0.10317411,12.705232,-127873.68,-1111259.9,535.93323,-13.87855,13.87855,-6.5103898,73.663414,754.14465,471.82013,241.68756,608.2243,145.92035,2,4,4,24,4,62,5,35,24,90.037453,1.452217,26,0,27,9,0,1.093966,-2.3236198,-0.62288779,0.72115308,2.3590872,-3.0168958,-0.53807992,0.76354748,2.3574631,-2.0950933,-0.49986199,0.85431087,2.6066468,32.816589,9,0.23684211,24,65,38,3,9,0.23684211,38,4309.605,1724.199,24.296473,19.095373,14.651818,17.346724,17.169836,11.052341,7.3378749,10.382143,230.13258,2585.4063,1.0047262,0.71753335,22,4.4028211,4.1289916,-1.3954021,-0.62378931,7.3555198,-98.84288,-180.03618,0.044328138,1.99E-13,1.99E-13,-150.22203,0.32342377,6.9391551,0.006247533,11.807971,69.028732,0.6256361,0.32047904,0.80650878,0.19349119,5.7145605,2.2862976,2,-0.80318803,-0.36116537,0.13156413,2.5599473,-2.1931663,-0.35061207,0.16445385,2.5848632,-0.56170297,-0.21605732,0.19305076,2.8184254,8.0804186,37.175251,10.996997,1.5129014,-0.79276675,-3.3211541,0,16.129099,14.079949,1.5855474,7.2805328,8.7336044,3.3238955,0.30371982,28.01939,15.421075,9.6711111,18.105383,9.8247623,6.0984612,5.0823169,9,7,1,1,4.8099999,-4.6394901,11.023023,-128046.64,-1092819.9,524.32843,-13.78225,13.78225,-6.4249802,13.68195,1,1,0.31676012,0.7939468,27,0,4,9,3,9.1339998,-7.1339998,4.5766191,-2.5766194,0.066491656,0.11132471,66.983665,103.1239,26.384649,8.6190128,0,22.381124,51.714077,126.96612,37.669312,9.4210396,0,0,28.816528,0,0.78652537,0.420829,0.059775475,0.21347463,0.579171,0.15369916,379.16769,202.873,28.816528,102.91173,279.20642,74.0952,0.5,1,14.68054,-113880.89,-1101984.9,528.57446,-13.74265,13.74265,-7.0716,11375.798,3414.4004,8558.0605,10779.136,5500.5005,2749.7446,3125.553,9.1339998,-7.1339998,0.080030657,0.11129801,0.71391565,0.42999154,0.059775475,0.28608438,0.57000846,0.2263089,344.16403,207.29007,28.816528,137.91539,274.78934,109.09887,11,0,4,0.080030657,0.11129801,0.40000001,1.0924,99.365433,56.115128,0,0,12.7423,33.203491,0,280.57565,0,42.392651,13.58329,33.57106,66.774551,0,12.7423,89.196098,317.4548,4.6558404,0,4.2388968,2.5815835,1.3615645,142.50999,0.33549348,6.2479277,4.2088532,9.9208946,482.07944,648.84088,463.375,511.55002,33.945694,0,46.850132,56.271172,333.73224,22.381124,90.216866,1.2709891,0.1166655,2.5591288,2.2014661,1.2162838,0.53787363,0.29127473,0.14108485,0.06715706,0.027206233,1192.75,708.5,520.625,442.375,384.875,326.125,220.625,114,0.70710677,0.70710677,0.70710677,0.5,0.86602539,0.70710677,-2.8505902,-2.6812344,-2.6567845,-8.8849802,-8.353117,-8.0029478,1.4009885,218.125,156.75,151.875,70,30.75,15.375,10.25,5.375,0.14429772,0.074879907,0.36612156,0.30379567,0.25628757,0.3319599,0.45635429,0.46925193,0.65282345,0.45571271,0.42037398,0.27417991,0.66077018,1.0300322,1.3148431,1.8285244,2.7659712,3.5889421,1.4989325,698.74731,1047.375,1681.875,979.125,462.75,171.875,75.125,33.125,14.125,5.75,1463.75,822.375,310.875,101.875,44.375,17.75,3.875,0.375,465.565,4872,48,174
m24,-0.080289117,4.0551152,0.42417589,2.0663481,-153804.89,-1491465.8,412.56042,-13.95657,13.95657,-6.4134698,82.284584,680.09003,360.72308,232.45319,556.08795,124.00211,1,3,2,24,4,70,3,39,30,106.61153,1.5230218,30,0,31,7,0,1.0586661,-2.4624906,-0.64199632,0.70379895,2.48755,-2.9300537,-0.53807992,0.80591482,2.4247665,-2.2231057,-0.49986199,0.85431087,2.7286286,36.955418,11,0.26190478,24,73,42,4,13,0.30952382,46,3201.7781,1597.8832,27.451172,21.371088,17.066031,19.915638,18.957531,12.552211,9.4925756,13.015136,128.2699,1603.8949,1.0232688,0.73064327,26,2.3838499,1.6818942,1.2109467,1.1779561,8.5525398,-73.031525,-137.87837,-0.25752378,4.26E-14,4.26E-14,-127.70564,-0.33144578,7.9011164,0.006494413,9.6054258,62.858795,0.53040487,0.34179765,0.81766808,0.1823319,4.7078738,2.3495171,2,-0.80323613,-0.4052541,0.11255924,2.6180136,-2.1882093,-0.31213012,0.22338876,2.6402676,-0.56023574,-0.21605732,0.19305076,2.8736925,4.7472591,37.938782,11.984477,2.4701705,1.2076057,-4.6015129,0,16.410612,15.351759,1.9026555,7.9915676,15.076464,1.4779319,0.059418239,31.925171,17.197355,11.305785,21.585522,11.497862,7.4980588,6.3637781,7,7,0,2,7.0599999,-7.86867,1.8376517,-153726.94,-1429262.8,420.30832,-13.97169,13.97169,-6.2233,15.122906,1,1,0.63879526,0.91313499,27,0,4,13,3,8.8760004,-6.8740001,4.7290664,-2.7290666,0.064277753,0.10510848,34.464172,129.50854,18.041691,8.6190128,0,22.381124,51.714077,126.96612,86.688927,9.4210396,0,23.817272,17.451376,0,0.78195113,0.49963719,0.078001745,0.21804887,0.50036281,0.14004712,413.7095,264.34473,41.268646,115.36385,264.72864,74.0952,0.5,1,3.374491,-139079.61,-1431865.3,409.1062,-13.97429,13.97429,-6.6061802,8676.2109,4343.6318,6209.0664,6799.7246,3477.0396,2338.1877,2860.9839,8.8760004,-6.8740001,0.082356915,0.11550771,0.76080775,0.50798589,0.032984793,0.23919223,0.49201408,0.20620744,402.52313,268.76181,17.451376,126.55024,260.31155,109.09887,13,0,4,0.082356915,0.11550771,0.051282052,2.7515399,99.365433,22.544069,18.242037,36.879158,12.7423,70.9403,0,282.29095,0,35.433723,14.93049,0,126.46765,54.263538,12.7423,23.401724,320.02777,41.534996,0,3.032886,2.3697236,1.975282,111.99,0.30819827,6.3923173,4.4127774,10.226128,529.07336,722.13489,515.625,576.64801,22.580544,0,46.850132,56.271172,389.24414,22.381124,78.851715,4.965353,0.31395918,2.5609047,2.2614384,1.2262454,0.43888694,0.13006425,0.059121381,0.033447057,0.014443526,1034.5,619.5,452.125,383.125,329,274,185.75,91.5,0.5,0.70710677,1.118034,0.5,6.6708322,6.5764732,-2.9516189,-2.8674965,-2.8355212,-10.367513,-10.107285,-7.6689491,1.2189306,154.5,131.375,121.875,35,3.125,5.5,6,1.75,0.071053356,0.035236541,0.17714697,0.18781899,0.18217024,0.2007864,0.21221463,0.31309855,0.49786976,0.32860628,0.35667253,0.58867931,1.4042993,2.4859991,4.903924,6.41045,6.318068,5.8804502,1.7500664,627.33337,1097.875,1452.625,861.375,377.125,105.625,32.125,13.5,6.875,2.625,1298.125,730,255.25,70.625,29,8,0.875,0.875,527.62299,6876,54,194
