MolName,RNase,rgyr,glob,AM1_dipole,AM1_Eele,AM1_HF,AM1_IP,apol,ASA,ASA+,ASA-,ASA_H,ASA_P,ast_violation_ext,a_aro,a_nN,balabanJ,BCUT_PEOE_0,BCUT_PEOE_1,BCUT_PEOE_2,BCUT_SLOGP_1,BCUT_SLOGP_2,BCUT_SLOGP_3,BCUT_SMR_2,bpol,b_1rotN,b_max1len,b_rotN,b_rotR,CASA+,CASA-,chi1v_C,DASA,DCASA,density,diameter,dipole,dipoleX,dipoleY,dipoleZ,E_ang,E_ele,E_nb,E_oop,E_rsol,E_stb,E_str,E_strain,E_tor,E_vdw,FASA+,FASA_H,FCASA+,FCASA-,GCUT_PEOE_0,GCUT_PEOE_1,GCUT_PEOE_2,GCUT_PEOE_3,GCUT_SLOGP_1,GCUT_SLOGP_2,GCUT_SLOGP_3,GCUT_SMR_2,h_ema,h_logD,h_pKa,h_pKb,h_pstates,h_pstrain,Kier2,Kier3,KierFlex,lip_acc,lip_don,lip_druglike,lip_violation,logP(o/w),logS,MNDO_HF,MNDO_HOMO,npr1,npr2,opr_brigid,opr_nrot,opr_violation,PC+,PC-,PEOE_PC-,PEOE_RPC-,PEOE_VSA+0,PEOE_VSA+1,PEOE_VSA+2,PEOE_VSA-0,PEOE_VSA-1,PEOE_VSA_FHYD,PEOE_VSA_FPNEG,PEOE_VSA_FPOS,PEOE_VSA_PNEG,PEOE_VSA_POL,PEOE_VSA_POS,PM3_dipole,PM3_E,PM3_Eele,PM3_HF,PM3_HOMO,pmi1,pmiX,pmiY,pmiZ,Q_PC+,Q_RPC+,Q_RPC-,Q_VSA_FHYD,Q_VSA_FNEG,Q_VSA_FPNEG,Q_VSA_FPOS,Q_VSA_PPOS,RPC-,rsynth,SlogP_VSA0,SlogP_VSA3,SlogP_VSA4,SlogP_VSA5,SlogP_VSA8,SlogP_VSA9,SMR_VSA0,SMR_VSA1,SMR_VSA3,SMR_VSA4,SMR_VSA5,SMR_VSA7,std_dim2,std_dim3,TPSA,vsurf_A,vsurf_CP,vsurf_CW1,vsurf_CW2,vsurf_CW3,vsurf_CW4,vsurf_CW8,vsurf_D6,vsurf_D7,vsurf_D8,vsurf_DD12,vsurf_DD13,vsurf_DD23,vsurf_DW12,vsurf_DW13,vsurf_DW23,vsurf_EDmin1,vsurf_EDmin2,vsurf_EWmin1,vsurf_EWmin2,vsurf_EWmin3,vsurf_G,vsurf_HB1,vsurf_HB2,vsurf_HB3,vsurf_HB4,vsurf_HB5,vsurf_HB6,vsurf_HB7,vsurf_HB8,vsurf_HL2,vsurf_ID2,vsurf_ID5,vsurf_ID6,vsurf_ID7,vsurf_ID8,vsurf_IW1,vsurf_IW2,vsurf_IW3,vsurf_IW6,vsurf_IW7,vsurf_IW8,vsurf_R,vsurf_W3,vsurf_W4,vsurf_W6,vsurf_W7,vsurf_Wp2,vsurf_Wp3,vsurf_Wp4,vsurf_Wp6,vsurf_Wp7,vsurf_Wp8
p0,1.599451303,4.7418394,0.042330436,6.185111,-504201.13,450.08786,13.99255,43.67548,559.77734,379.39484,180.38252,291.8623,267.91507,2,12,7,1.5532916,-2.24596,-0.64180613,0.70417589,-0.53807992,0.80591482,2.3486133,0.85431087,16.604519,5,2,5,0.22727273,2628.4475,888.56433,4.1427345,199.01233,1739.8832,0.73603261,14,2.4563348,-1.3618281,0.97560602,-1.7964402,4.603199,-66.417267,-177.28873,0.023419101,0,-0.35383767,4.3714461,0.003642257,14.80979,35.447216,0.67776024,0.52138996,4.6955228,1.587353,-0.80321497,-0.38028872,0.14103027,2.3187189,-0.31925759,0.16445385,2.3902402,0.19305076,3.8514266,-4.1837769,9.6362066,15.788391,1.0172626,0.001396941,8.5850182,5.6055365,2.6390498,7,9,1,1,2.29,-3.8319499,443.83548,-14.06092,0.085199714,0.95973027,15,5,1,6.928,-4.9260001,-1.9251568,0.14905517,0,51.93927,0,98.03923,13.159503,0.59796488,0.10059646,0.50130683,30.479832,121.81306,151.89151,7.3091884,-70092.844,-489865.06,454.50125,-13.86194,530.87183,2824.2966,694.94836,2851.6436,6.928,0.10551386,0.15306537,0.56951851,0.51327145,0.10059646,0.48672858,99.95224,0.15306537,0.47619048,129.13831,0,6.37115,33.203491,0,5.513495,0,96.547424,6.37115,89.196098,141.14548,0,1.4148219,1.0087638,139.97,0.74428195,0.089364514,2.8830574,2.6787055,1.6379215,0.72933644,0.02182604,174,129.375,69.5,0.5,0.70710677,0.5,0.5,0.70710677,0.5,-2.4419272,-2.4319777,-7.8146996,-7.768959,-7.4387002,1.34428,88.75,60.75,55.75,15,-4.5,-3.875,1.375,1.5,0.086656816,0.18213905,0.17687862,0.18391891,0.21111324,0.44199526,0.25636828,0.31253582,0.24712007,1.6936837,3.7807455,4.570312,1.3456,445.625,155.75,22,8.375,845,389.875,140.75,25.875,7,1.125
p1,0.264746228,7.7446642,0.021341752,18.518623,-1064985.1,894.36456,16.429029,82.572098,949.18976,402.67148,163.56027,676.37592,272.81384,3,12,9,1.4786052,-2.6916139,-0.53630579,0.70417643,-0.53807992,0.54057205,2.569618,0.72254223,50.307899,14,8,14,0.40000001,4399.5889,1132.4913,6.6427345,239.11122,3267.0974,0.67051315,25,5.0767932,0.80111456,4.8818488,-1.1399988,11.148565,23.973684,-282.78131,0.020046178,0,0.27345353,6.4736905,0.008879409,5.7700319,55.739506,0.42422652,0.71258241,4.6350989,1.1931137,-0.88837916,-0.3469803,0.13425018,2.6795216,-0.31396762,0.16445385,2.6142406,0.14322865,3.8529639,-6.2733426,8.3402195,14,2.5145125,0.43850502,17.454546,13.221158,8.712184,9,9,1,1,4.704,-3.97228,947.9115,-16.421841,0.098225296,0.93505496,15,14,4,10.926,-6.9239998,-2.5922863,0.13187985,42.994942,282.97104,0,106.74055,13.159503,0.81004649,0.030472601,0.74371427,17.451376,108.78461,425.91824,18.628778,-116432.48,-1043126.6,898.35187,-16.25959,2721.856,24763.605,2924.4412,483.39578,10.926,0.066904634,0.13850376,0.54054141,0.24880487,0.030472601,0.75119513,245.6763,0.13850376,0.67647058,105.61406,73.758316,6.37115,164.79224,56.605217,5.513495,39.819687,33.203491,6.37115,89.196098,197.75069,131.58875,2.3518922,1.1994097,125.61,3.3203843,0.11885341,2.5817301,1.9274265,1.0927166,0.42524791,0.012641662,327.75,198,99.5,6.1644139,6.2649822,0.5,0.5,0.5,0.70710677,-2.4793415,-2.4174232,-7.5321589,-7.4738612,-7.3274837,1.5578048,160.375,49.5,62.75,19.25,2.25,2.25,6.875,3,0.033475783,0.49032688,1.0742376,0.68340248,0.59863508,0.69629318,0.11430106,0.84137404,1.2130649,4.3802867,4.8556995,5.9462204,1.409547,483.5,154.375,17.625,7.875,997,420.75,135.125,15.375,1,0
p5,0.205659075,7.7348614,0.027631825,6.4037156,-1000557.3,501.80219,13.62613,73.156242,856.62817,441.96176,414.66644,703.83014,152.79807,4,24,7,1.0373086,-2.2583404,-0.64151269,0.70891225,-0.53807992,0.80591482,2.3511269,0.85431087,26.643761,7,2,7,0.18421052,3659.4434,2603.2759,7.7854691,27.295321,1056.1675,0.77598405,24,1.801026,1.3475387,-0.33326954,-1.1475039,12.706577,-69.314049,-132.15721,0.29030952,-1.14e-13,-0.74096709,7.7243648,0.006402588,26.324297,70.513832,0.51593184,0.82162851,4.2719154,3.03898,-0.80319786,-0.3798987,0.12311444,2.5037603,-0.2902711,0.21558134,2.5610998,0.25878397,4.3557501,3.6444423,7.4693522,14,2.2197297,0.18160792,14.235294,9.0572319,5.7338037,7,7,0,2,8.1160002,-8.73627,487.79547,-13.79944,0.087952077,0.93177998,27,7,2,8.2799997,-6.2779999,-2.2113857,0.1295685,9.0394926,86.062355,13.399102,196.07846,72.323395,0.81182206,0.035872053,0.39305103,17.451376,91.546577,191.21516,4.602798,-119603.16,-980196.31,535.32855,-13.33068,2628.3547,7005.1636,715.6781,22457.936,8.2799997,0.088285021,0.12010194,0.76656288,0.61602849,0.035872053,0.38397151,96.113319,0.12010194,0.6857143,99.365433,0,6.37115,33.203491,0,89.32428,33.57106,33.203491,13.372363,94.709595,282.29095,78.297287,2.0531375,1.1315104,116.73,3.5362997,0.13427164,2.6302671,2.1757898,1.0912869,0.4171409,0.013345619,380.875,248.875,125.625,6.98212,7.9529867,11.247222,0.5,0.5,0.70710677,-2.4696329,-2.4324043,-7.8667183,-7.467515,-7.3141928,1.4979755,199.75,93.25,80,25.25,6.375,2.875,7.625,2.75,0.034383263,0.47614491,0.78745401,0.88525766,0.43791962,0.34423837,0.1919502,0.95878464,1.7939165,4.5547113,5.2244859,6.0645552,1.4279424,439.125,138.25,17.875,8.25,941.25,359.125,113,15,0.625,0
p8,-0.639589169,9.3418121,0.021747908,7.9507408,-1614987.4,958.4762,16.179661,109.45286,1113.5391,506.18283,320.92548,931.71552,181.82361,3,24,9,0.77154636,-2.7851548,-0.57440764,0.70007569,-0.53807992,0.72192788,2.6090729,0.80175292,56.867142,11,3,11,0.21153846,6434.5962,2795.9026,12.304201,185.25737,3638.6936,0.68158346,32,3.4830298,2.0486171,-0.75837934,2.7128446,13.592211,4.9357162,-304.58972,0.024440115,-5.68e-14,0.25401419,10.161229,0.008897588,3.5359695,88.740417,0.45457122,0.83671558,5.7785091,2.5108256,-0.87837362,-0.36933693,0.12701912,2.9437358,-0.31060302,0.16239242,2.8583965,0.1912203,3.8526249,-1.631999,7.9645252,15.596564,1.6291072,0.063447654,19.565218,12.041103,8.1512194,9,9,0,2,8.2600002,-8.0075302,1000.3699,-15.90572,0.049170446,0.98276591,39,15,5,12.712,-8.7119999,-3.140383,0.10606858,73.345421,207.07784,32.676571,98.03923,135.70854,0.83851999,0.025904845,0.61313504,17.451376,108.78461,413.05206,9.1511421,-154057.03,-1592752.6,967.60797,-16.34692,2668.8,32418.084,1151.5535,21573.568,12.712,0.057504721,0.11007805,0.69888997,0.3999784,0.025904845,0.6000216,185.39812,0.11007805,0.17021276,105.61406,73.758316,12.7423,33.203491,75.473625,42.392651,39.819687,33.203491,20.706238,89.196098,429.93008,0,1.858456,1.3902503,125.61,2.1098862,0.12294259,2.5297883,2.0666637,0.92327243,0.36417344,0.010302028,487.875,294.5,135.25,0.70710677,0.86602539,1.5,0.5,0.70710677,0.5,-2.4182351,-2.4111245,-7.7376328,-7.7053218,-7.5176549,1.5939282,189.875,37.125,66.75,19,0.875,-0.125,5.875,2.625,0.026888847,0.14584798,0.12259253,0.15482476,0.20851563,0.78878605,0.1800483,0.31508291,0.6739983,3.9600019,4.8300314,5.5911727,1.4837807,485.25,155.875,17.75,7.5,1158.875,418.5,136.875,17.875,1.625,0
p9,-0.289763357,6.6713409,0.032546591,23.953018,-1226919.3,921.59979,16.271231,86.532097,910.31567,394.74286,155.83856,637.96735,272.34833,4,12,11,0.98934954,-2.7600355,-0.64180553,0.70417643,-0.53807992,0.65449345,2.4720156,0.85431087,51.627899,11,4,11,0.27500001,4910.6011,1314.9658,7.1427345,238.90428,3595.6353,0.69852287,26,7.1274409,-3.9310958,-3.9223154,4.4679236,15.526628,199.30058,-98.499802,0.065441087,-1.71e-13,1.7670877,10.404479,0.010102568,-1.4241948,67.476128,0.43363294,0.70081991,5.3943939,1.4445163,-0.87405753,-0.38028792,0.17149793,2.7519209,-0.31521738,0.16445385,2.64604,0.19305076,7.6119752,-7.7775464,8.2272463,9.8375349,1.8963116,0.080408409,16.955017,10.826222,8.110816,11,11,0,3,1.892,-3.19853,969.75842,-16.655199,0.17659713,0.85833132,27,15,5,12.44,-8.4379997,-3.1661899,0.1095783,130.33858,182.27785,0,98.03923,13.159503,0.77808148,0.03073086,0.75686473,17.451376,126.02263,429.8067,30.759102,-126634.42,-1228070.6,950.88318,-16.308149,3937.4165,8987.9854,2174.9775,11522.46,12.44,0.058762059,0.10737141,0.48413283,0.25091353,0.03073086,0.7490865,275.49817,0.10737141,0.7027027,135.38693,221.27493,6.37115,33.203491,0,5.513495,33.57106,75.473625,6.37115,89.196098,141.14548,0,2.789212,1.1720705,156.42999,1.9063199,0.11762546,2.567843,2.1734941,1.1641048,0.51363307,0.021224268,345.5,203,83.125,0.5,1.118034,0.70710677,0.70710677,0.5,1.118034,-2.6020579,-2.4591792,-8.4822197,-8.1561394,-7.9756017,1.5146449,161.25,67.5,76.875,36,9.125,11.5,8.25,5.125,0.062114991,0.1725204,0.80335557,1.0024298,0.75604206,1.7000471,0.22665009,0.69232982,0.88460612,2.3284478,3.4644425,4.2774315,1.4470335,516,185.375,30.25,11.125,1030.125,439.125,149.375,18.75,2.875,0
p13,-0.507936508,7.84162,0.030873105,17.639042,-1529353,510.62555,11.7973,101.9321,1053.327,482.85635,322.19235,888.47705,164.84991,4,24,9,0.78526556,-2.7439284,-0.64151496,0.70006895,-0.53807992,0.80591482,2.6741874,0.85431087,51.627899,9,3,11,0.22,4917.4092,2636.1777,11.597095,160.66402,2281.2314,0.69137865,30,4.3565326,-1.0923399,-3.3796237,-2.522759,17.875751,-135.67441,-190.80019,-0.71912962,1.71e-13,0.10912799,10.329499,0.006991287,17.121094,93.350395,0.45841071,0.84349597,4.6684546,2.5027156,-0.83524323,-0.3859475,0.11527138,2.8369968,-0.30522895,0.16445385,2.8441851,0.19305076,6.0425129,1.4292721,8.6148224,15.4806,1.1458404,0.014405108,18.123413,10.494321,6.879437,9,7,0,2,7.296,-8.1682301,506.11374,-12.12642,0.21090207,0.81925446,39,15,5,10.184,-8.1820002,-2.9800761,0.096253544,169.21983,109.41582,0,147.05885,86.688927,0.85281193,0.028058223,0.58097631,17.451376,91.546577,361.34988,17.929914,-146934.47,-1502791.9,491.43539,-11.87368,7688.5991,27349.719,6563.562,3092.1904,10.184,0.071779259,0.10241994,0.74399602,0.42612544,0.028058223,0.57387453,141.77544,0.10241994,0.75555557,105.61406,73.758316,6.37115,33.203491,75.473625,11.02699,0,96.547424,14.335087,28.915218,393.05093,0,3.4249377,1.2736336,118.47,5.2458086,0.17901376,2.5346897,2.0704532,0.89442891,0.32273439,0.011191396,492.5,318,147.75,0.70710677,6.4226165,6.1032777,0.5,0.5,1,-2.4512615,-2.4299283,-7.8527203,-7.6483827,-7.4105372,1.5690138,198.625,60.375,93,29.25,9.625,7.25,6,2.625,0.032245681,0.85542774,1.4669516,1.4389201,0.5343312,0.31455055,0.1705571,1.5258383,3.10307,5.4318252,6.7232604,7.8572764,1.4777575,434.5,136.25,21,7.875,1054,341.5,107,13.75,1.875,0
p14,0.52238806,6.0212417,0.060499426,8.7902308,-1880156.6,945.40942,16.660721,115.21362,998.39996,401.40878,214.91711,804.57599,193.82401,3,24,9,0.95886689,-2.7235825,-0.64151502,0.70392221,-0.53807992,0.67993516,2.5820217,0.85431087,63.426384,20,9,20,0.39215687,5102.7085,1872.3579,12.585422,186.49167,3230.3506,0.66367841,33,4.0813637,2.4293361,2.0044174,-2.5957975,14.576202,5.2992277,-269.0274,-0.003818713,0,0.77546155,10.627021,0.008470661,2.2923341,84.083389,0.40205207,0.80586535,5.1108861,1.8753586,-0.87933898,-0.37990165,0.12067039,2.8476574,-0.28962713,0.16445385,2.7920122,0.19305076,3.852962,-1.72264,8.2358131,14,2.6745815,0.44614205,24.280273,16.060043,11.13518,9,9,0,2,8.9619999,-8.1625004,1010.604,-16.866859,0.31785768,0.74305081,27,20,4,12.712,-8.7119999,-3.1869524,0.10465923,73.004341,241.99326,26.384649,144.2359,135.70854,0.85459548,0.023325996,0.58990002,17.451376,108.78461,441.33447,0,-97679.742,-826692.81,412.20602,-13.67874,7268.4868,8190.9409,3423.2048,11949.366,0,0,0,0,0,0.023325996,0.63983977,205.49084,0.11007805,0.16666667,105.61406,110.63747,12.7423,33.203491,56.605217,109.04468,39.819687,33.203491,12.7423,89.196098,411.06168,66.652031,3.2475131,1.3246183,125.61,5.7289543,0.23202026,2.4209757,1.9668591,0.92733902,0.33954561,0.009254458,437,292.5,159.625,10.356157,0.5,9.9749689,0.5,0.5,0.70710677,-2.7590003,-2.6873524,-7.5374417,-7.3055224,-7.109591,1.4330114,171.125,42.875,38.75,12.375,-3.25,-2.625,5.75,2.375,0.021800565,0.63529342,1.25588,1.0890465,0.46254423,0.61274529,0.46054989,1.6326525,3.0853486,7.7329397,7.9940815,8.0700884,1.6647067,430.125,129.75,13.5,6,1019.75,391.375,117.375,16.125,0.25,0
p17,-0.425120773,6.2283869,0.023070365,3.8872356,-845115,408.09433,13.80699,68.424171,793.7533,285.72418,161.351,632.18463,161.56865,3,12,7,1.5121996,-2.5781336,-0.64180553,0.70066619,-0.53807992,0.79794085,2.6347227,0.85431087,36.735832,11,6,13,0.43333334,2002.355,807.72314,7.5569482,124.37316,1194.6318,0.67776197,22,1.5819378,-1.0225497,-1.1541535,0.35333967,8.2958231,-69.701012,-158.73761,0.019806333,2.84e-14,-0.48215505,5.129992,0.006069309,-1.7976931,43.649647,0.35996595,0.79644978,2.5226414,1.0175997,-0.80329812,-0.38028792,0.13424684,2.548466,-0.30580863,0.16445385,2.5779881,0.19305076,3.8532476,0.034477521,8.5877314,15.473405,1.1536326,0.015323183,14.910153,9.7768593,6.5331345,7,7,1,1,5.7220001,-5.7083702,410.08533,-13.94183,0.096434496,0.92984885,15,13,2,7.0079999,-5.006,-2.1647706,0.13250774,59.715405,95.38546,0,115.44186,68.057487,0.79574013,0.038937725,0.53061593,17.451376,91.546577,237.81508,3.5545578,-97679.742,-826692.81,412.20602,-13.67874,1460.5627,13747.972,1298.2854,298.42871,7.0079999,0.10430936,0.15860967,0.71763957,0.31792149,0.038937725,0.68207848,109.09887,0.15860967,0.62068963,99.365433,36.879158,6.37115,33.203491,75.473625,72.165527,0,96.547424,6.37115,23.401724,216.61909,66.652031,2.0300763,1.0051708,111.99,2.4865777,0.14043772,2.561445,1.8669822,1.061427,0.42175671,0.014393001,272.625,156,82.875,13.162447,0.70710677,13.086252,0.5,0.5,0.70710677,-2.576298,-2.5533211,-7.4638152,-7.3029747,-6.9844003,1.4732059,165.25,84,79.125,28.5,8,4,6.5,2.875,0.040122598,0.28748885,0.6786918,0.34158671,0.55707186,1.1001954,0.16621536,0.69717777,0.95271266,3.6348145,4.3191872,5.2147665,1.4043307,401.375,129.125,18,8.25,763.125,322.25,100.625,14,1.75,0
o1,-0.285041225,4.1680098,0.16261925,12.745708,-1175228.8,990.9801,18.428249,79.478516,704.41162,338.50961,105.97718,494.16754,210.24406,3,12,9,1.7420737,-2.6770086,-0.53103834,0.64615071,-0.47554812,0.60299963,2.4595082,0.7223236,48.121487,13,7,15,0.44117647,3698.5559,733.78595,6.1547008,232.53244,2964.77,0.67399377,20,3.298305,1.2536808,-1.892298,-2.3929706,14.41313,130.29176,-297.45306,-0.58774292,-1.14e-13,0.57033485,6.4259343,0.007433931,13.160864,47.336201,0.48055655,0.70153236,5.2505608,1.0417006,-0.88802326,-0.3357752,0.13347152,2.7295749,-0.31482351,0.14242336,2.6654983,0.15013805,3.7320452,-5.9740028,8.0312929,14,1.5022546,0.05402495,16.631693,11.52,8.1155548,9,9,1,1,3.562,-3.77051,998.82599,-18.303539,0.40103999,0.83784992,15,15,4,10.926,-6.9239998,-2.6612599,0.12842177,34.464172,276.27148,6.6995511,49.019615,62.179119,0.80415356,0.031417958,0.75142854,17.451376,108.78461,417.38745,8.4539042,-112926.78,-1115669.1,996.21075,-17.87739,2835.8188,4677.8418,1777.39,1460.5457,10.926,0.066904634,0.13850376,0.5262875,0.25652358,0.031417958,0.74347645,245.6763,0.13850376,0.66666669,105.61406,73.758316,6.37115,164.79224,37.736813,5.513495,6.2486277,96.547424,6.37115,23.401724,178.88228,131.58875,2.1483102,1.5491902,120.87,2.7604516,0.17072199,2.4544818,1.8141872,0.82527238,0.41067603,0.035623811,290.875,150.75,49.625,0.5,0.70710677,1.118034,0.70710677,1.118034,0.5,-2.4836273,-2.4512658,-8.760644,-8.6834993,-8.6162863,1.2889764,103.875,-27.5,-6.25,-2.625,-7.375,1.625,8.125,7.25,0.061766524,0.33195361,0.56305438,0.29525298,0.16327672,0.46180326,0.14551437,0.69583786,0.99055558,3.7142522,4.4913297,4.7976027,1.6383414,301.125,124.125,25,14.375,697.5,307.375,126.75,23.375,6.25,0.125
o2,0.470588235,4.0840039,0.53689843,7.2733903,-1317831,526.2301,13.97752,82.504166,737.29791,411.28171,252.32558,621.56903,115.72886,3,24,7,1.1550566,-2.464524,-0.6493845,0.69731051,-0.53807992,0.80591482,2.4286232,0.85431087,36.735832,11,4,13,0.32499999,3617.634,1714.2999,9.6831741,158.95615,1903.334,0.68679571,22,1.3014345,-0.66108954,-1.1190256,-0.066890851,9.3187885,-41.099819,-123.86675,0.048163008,-5.68e-14,-0.29076278,8.3164635,0.007084137,12.950165,62.659027,0.557823,0.84303647,4.906611,2.3251116,-0.80087125,-0.38999766,0.11836486,2.6579874,-0.30153233,0.16445385,2.6767921,0.19305076,3.7324543,2.1032155,8.1394968,14,1.3822037,0.04225624,16.955017,10.160156,6.0551085,7,7,1,1,6.6760001,-7.2787099,504.18027,-13.77887,0.67933333,0.98564231,27,13,3,8.7959995,-6.7940001,-2.6680958,0.10748904,34.464172,131.33977,6.6995511,53.436695,184.72816,0.82403517,0.033543888,0.49056274,17.451376,91.546577,255.21771,4.3789377,-119470.53,-1327528.3,508.79526,-14.391,4180.6313,2640.9121,2067.8696,3491.376,8.7959995,0.083105959,0.11686783,0.75675344,0.51792747,0.033543888,0.48207253,109.09887,0.11686783,0.7027027,99.365433,36.879158,12.7423,70.9403,0,5.513495,0,96.547424,12.7423,23.401724,355.31412,0,2.3089132,2.2146492,111.99,4.2087727,0.4230895,2.4468448,1.8823843,0.79836547,0.27993071,0,351.75,205.25,96.5,8.6458082,0.86602539,8.6602545,0.70710677,0.70710677,0.70710677,-2.6767888,-2.6741784,-5.9614382,-5.7377019,-5.6781425,1.2982602,85.5,-33.375,25.5,7,-3.5,-0.875,1.5,0,0.009607686,0.48449934,0.63861209,0.7490769,0.90236515,0.97071624,0.19455408,0.86624038,2.1533904,4.5748539,5.110836,0,1.6494657,261.625,73.875,4.5,1.5,715.375,236.125,66.875,5.375,0,0
o4,-0.176684882,3.7629564,0.47969708,4.5739765,-1222443.3,517.51764,14.62954,76.316994,656.21606,401.35147,214.47897,536.93042,119.28563,3,24,7,1.1906327,-2.3699019,-0.64872009,0.69788539,-0.53807992,0.80591482,2.4229066,0.85431087,32.363003,9,3,11,0.28947368,3529.4849,1457.1702,8.6831741,186.8725,2072.3147,0.69504428,20,1.7441647,1.3725445,-0.286939,1.037255,7.4648218,-46.588879,-152.53297,-0.011751278,5.68e-14,-0.52329671,7.6237898,0.006480459,17.799931,58.134308,0.61161482,0.81822199,5.378541,2.2205646,-0.80074179,-0.38911751,0.11847623,2.6165245,-0.30118784,0.16445385,2.6609015,0.19305076,3.7312989,2.2593083,7.7133622,14,1.8511776,0.1084374,15.421075,9.0572319,5.1665311,7,7,1,1,6.5,-7.1557698,540.40918,-14.0946,0.67776752,0.82446164,27,11,3,8.7939997,-6.7940001,-2.5715909,0.11152023,0,104.95512,33.084202,53.436695,184.72816,0.81155145,0.035923641,0.45442098,17.451376,91.546577,220.75354,4.5166206,-112573.95,-1210398.3,540.64331,-14.59346,3556.1094,2031.0367,2459.0393,2074.27,8.7939997,0.083124861,0.11686783,0.73949641,0.55467159,0.035923641,0.44532844,109.09887,0.11686783,0.6857143,99.365433,0,12.7423,33.203491,0,42.392651,0,96.547424,12.7423,23.401724,354.45648,0,2.3346972,1.9242172,111.99,5.095058,0.27060813,2.5192955,2.0110855,0.84742326,0.34723744,0.020349301,304.875,189.875,86,0.5,8.2006102,8.6023254,0.70710677,0.5,0.86602539,-2.6373358,-2.6302326,-7.9218078,-7.8903852,-7.6399736,1.2326648,95.625,-19.25,12.125,11.5,2.375,6.625,8.25,3.125,0.039556962,0.7586382,0.97102606,1.1382685,1.1148095,1.319514,0.31614459,1.2562454,2.8746903,5.1507645,5.2738209,5.3309193,1.6885041,271,93.25,15.625,8.375,702.75,258.875,81.75,9,0.125,0
o5,0.574031891,4.0807233,0.47823071,11.960585,-1346616.3,506.97293,14.39804,79.343414,689.7597,344.97168,304.11578,569.72711,120.03262,4,24,7,1.1824075,-2.3681362,-0.64491475,0.70126265,-0.53807992,0.8353619,2.4317331,0.8716802,31.016588,9,3,11,0.27500001,3052.3093,2082.5847,8.5045414,40.8559,969.72455,0.76187724,22,3.4155819,-0.18429998,-2.7833862,1.9710389,7.6107697,-35.596764,-153.25446,-0.017371342,0,-0.4263314,7.6580763,0.006807255,17.862827,58.48793,0.5001331,0.82597905,4.4251781,3.0192902,-0.80074108,-0.3842482,0.11847744,2.6181602,-0.30101177,0.21438532,2.6684361,0.25588819,4.2388554,3.5195184,7.7956309,14,1.7319438,0.090622917,15.699537,9.5537186,6.6627445,7,7,0,2,7.684,-8.6243496,497.77386,-14.28713,0.66278625,0.6922766,27,11,3,8.8479996,-6.848,-2.5360358,0.11308374,9.0394926,96.424347,33.084202,102.45631,170.36263,0.82427114,0.033498906,0.42472544,17.451376,91.546577,221.26227,10.658817,-126472.92,-1334803.9,508.2522,-14.04102,4990.8867,2503.0039,3451.7651,2912.2319,8.8479996,0.082617544,0.11594626,0.75707966,0.58375341,0.033498906,0.41624662,109.09887,0.11594626,0.27027026,99.365433,0,12.7423,33.203491,0,120.68994,0,96.547424,19.743513,23.401724,319.1701,78.297287,2.355191,1.9282727,111.99,5.4873028,0.29551819,2.5101459,1.9943047,0.87857437,0.32275116,0.02220498,337.75,222.25,114.875,0.5,0.5,0.70710677,0.5,0.70710677,1.118034,-3.0601273,-2.7408736,-7.9084067,-7.6203499,-7.5675025,1.2570786,127.625,39.875,22.75,8.75,3.25,6.5,8.625,3.875,0.037503578,0.72675127,0.8257733,1.0001606,1.0609018,1.5139545,0.37954175,1.3272148,3.1034112,5.557219,5.7496037,5.686666,1.6963135,287.75,91.875,16.375,8.75,707.75,265,83.125,9.875,0.125,0
o6,-0.44160199,3.8544416,0.50095743,5.2668743,-1352291.1,502.27933,14.34193,79.343414,679.36572,376.17026,269.51248,564.80841,114.5573,4,24,7,1.206143,-2.3643842,-0.66543221,0.6842038,-0.47898227,0.85534269,2.4419327,0.93860471,31.016588,9,3,11,0.27500001,3328.3545,1845.6213,8.5165081,106.65778,1482.733,0.76187724,20,1.4633621,1.1091799,0.76937461,-0.56498784,9.1887827,-58.941784,-165.88617,0.015456362,8.53e-14,-0.26469734,7.9931655,0.004458815,17.374035,60.697781,0.55370802,0.83137608,4.8992085,2.7166831,-0.80072463,-0.40309691,0.11848021,2.619283,-0.30108076,0.21439385,2.6728141,0.25592399,4.2253356,3.7770455,7.648849,14,1.9564648,0.12466772,15.699537,9,6.6627445,7,7,0,2,7.6799998,-8.6243496,494.32233,-14.35587,0.74003804,0.81003821,27,11,3,8.8479996,-6.848,-2.5722978,0.11148958,13.456573,96.424347,33.084202,73.529427,194.87244,0.82427114,0.033498906,0.43320429,17.451376,91.546577,225.67934,6.4836326,-126481.08,-1333535.6,500.0304,-14.47104,4591.5186,2771.8604,2640.4631,2498.5684,8.8479996,0.082617544,0.11594626,0.75707966,0.58375341,0.033498906,0.41624662,109.09887,0.11594626,0.27027026,99.365433,0,12.7423,33.203491,0,120.68994,0,96.547424,19.743513,23.401724,319.1701,78.297287,2.470787,1.9593604,111.99,5.0599332,0.30434489,2.5122588,2.0143371,0.87350988,0.33071458,0.020418497,321.875,208,105.5,7.6321688,9.6306801,9.9749689,0.5,0.70710677,0.86602539,-2.5567,-2.4905169,-8.4964991,-7.9939985,-7.9439068,1.2306504,108.625,1.375,18.5,9.625,5.25,5.25,7.625,3.5,0.03422619,0.78846329,0.93971014,1.0564405,1.0846032,1.3544726,0.26530391,1.1473848,2.7528653,5.0321259,5.4215126,5.3808541,1.722743,274.125,89.625,14.375,8,713.75,255.625,80,9.125,0.375,0
m1,-0.572324139,5.027102,0.06230196,31.765257,-1071061.8,939.8537,17.00036,79.478516,797.70502,373.96979,161.24301,548.70166,249.00334,3,12,9,1.6038631,-2.6770155,-0.53581399,0.66215038,-0.49626407,0.54057372,2.4583445,0.72281033,48.121487,13,7,15,0.44117647,4085.9939,1116.4465,6.1427345,212.72679,2969.5474,0.67399377,22,9.9302444,-1.2841536,9.5613346,2.3540571,11.589697,135.31795,-300.79904,-0.009170201,-2.84e-13,0.32960221,6.3458838,0.007078545,6.422401,53.880966,0.46880713,0.68785036,5.1221867,1.3995732,-0.88801068,-0.34437898,0.13153762,2.6887729,-0.33963665,0.15326835,2.6282895,0.14336504,3.9441574,-5.8144732,7.8747668,15.051008,1.6335307,0.077099606,16.631693,12.5,8.1155548,9,9,1,1,3.6400001,-3.77051,989.40936,-17.477871,0.41780591,0.62905008,15,15,4,10.926,-6.9239998,-2.5871489,0.13210052,34.464172,282.97104,0,73.529427,37.669312,0.80415356,0.031417958,0.75142854,17.451376,108.78461,417.38745,0,-120789.16,-1253585.4,506.46271,-13.72986,4700.9849,4306.2437,5787.3765,1421.5817,0,0,0,0,0,0.031417958,0.74347645,245.6763,0.13850376,0.4848485,105.61406,73.758316,6.37115,164.79224,37.736813,5.513495,6.2486277,96.547424,6.37115,23.401724,178.88228,131.58875,3.2495079,1.0095365,120.87,3.276974,0.15188128,2.4295566,1.8094993,1.0109397,0.43373927,0.034870427,320.875,180.625,93.375,6.5764732,7.3143692,0.86602539,0.70710677,1.118034,0.5,-2.5992768,-2.4510052,-9.3150225,-9.2937098,-9.0752048,1.4334375,116.75,-1.125,36.625,12.375,0.75,2.625,7.5,4.75,0.06197479,0.3138403,1.1036321,0.67280912,0.52874422,1.1273041,0.39847168,1.3644282,1.9165859,3.5094485,3.3318846,2.9536457,1.5029966,401.875,145.75,29.5,16.25,843,365.25,133.375,26.875,8.75,3
m3,-0.250417362,4.6595578,0.12245054,11.417138,-1260308.1,512.90015,13.78395,79.850586,745.03485,425.58694,217.77911,591.28864,153.74625,4,24,9,1.0647943,-2.4578424,-0.58504564,0.66305304,-0.49709207,0.74868953,2.4102805,0.79704577,37.189419,11,4,13,0.32499999,3888.1621,1553.6362,8.3378754,207.80782,2334.5261,0.70749539,24,3.5709908,1.4216048,-0.17188518,3.2713103,9.7217121,-77.46875,-154.87584,0.02442346,0,0.42963582,7.0165896,0.006461931,9.7958355,66.779182,0.57123089,0.79363883,5.2187653,2.08532,-0.8032338,-0.36078221,0.13154221,2.6004889,-0.34552494,0.15327175,2.6155126,0.17841476,8.1191216,0.8505317,7.9454341,8.4188614,1.8465824,0.089199714,16.955017,10.826222,5.9626904,9,7,1,1,4.2880001,-4.7624302,507.77982,-13.65629,0.31552097,0.81169409,27,13,4,9.1359997,-7.1339998,-2.6783457,0.10709896,101.44783,129.50854,0,102.45631,62.179119,0.80076855,0.055787213,0.60724902,28.816528,102.91173,313.67059,12.970037,-120789.16,-1253585.4,506.46271,-13.72986,3179.2751,5472.9355,3893.5544,1350.7086,9.1359997,0.080013134,0.11129801,0.73300338,0.40130219,0.055787213,0.59869778,109.09887,0.11129801,0.54054052,99.365433,36.879158,12.7423,70.9403,0,5.513495,0,130.11848,12.7423,23.401724,318.31244,0,2.4349875,1.4202936,137.77,3.414475,0.15804669,2.5185525,2.0949564,1.1378469,0.45498833,0.0178576,324.125,202.5,108.375,3.5355339,3.0413814,0.5,0.5,0.70710677,0.5,-2.7103405,-2.5468662,-7.8308005,-7.742166,-7.4232445,1.3351338,176.25,92.5,109.75,45.375,21.625,11.5,8.125,2.875,0.052060135,0.41541398,0.48721153,0.55922836,0.71070379,0.67131966,0.2395404,0.66897666,1.5366935,3.9154341,5.2097807,5.7264485,1.5986587,411.125,135.875,23.375,9.625,800.5,301.375,90.5,11.875,1.5,0.25
m4,1.834162521,4.2483597,0.3673276,2.0260231,-1134510.5,512.67651,13.89312,76.316994,716.81268,406.14978,266.11374,578.4682,138.34448,3,24,7,1.0939083,-2.3676343,-0.64872009,0.69788539,-0.53807992,0.80591482,2.4200253,0.85431087,32.363003,9,3,11,0.28947368,3571.6814,1807.9767,8.6712084,140.03606,1763.7046,0.69504428,22,2.0609176,0.20987236,-1.4394416,-1.4599121,7.074162,-74.051514,-156.75282,0.017961899,0,-0.66315162,7.7497468,0.006218907,12.025716,65.421425,0.56660521,0.80700052,4.9827261,2.5222445,-0.80319035,-0.38911751,0.11262416,2.5732882,-0.31207773,0.16445385,2.6247644,0.19305076,3.9438469,2.6301632,7.5307589,15.077321,2.165122,0.16464773,15.421075,9.6711111,5.1665311,7,7,1,1,6.5780001,-7.1557698,501.45859,-13.95529,0.64174968,0.73188257,27,11,3,8.7939997,-6.7940001,-2.4974797,0.11485235,0,111.65467,26.384649,77.946503,160.21835,0.81155145,0.035923641,0.45442098,17.451376,91.546577,220.75354,1.6880438,-112586.32,-1103130,506.79941,-13.86629,4524.3677,3503.6895,3262.1523,1601.2715,8.7939997,0.083124861,0.11686783,0.73949641,0.55467159,0.035923641,0.44532844,109.09887,0.11686783,0.51428574,99.365433,0,12.7423,33.203491,0,42.392651,0,96.547424,12.7423,23.401724,354.45648,0,2.7323751,1.8769029,111.99,4.0814424,0.2541146,2.4929247,2.0426617,1.0180362,0.37635502,0.027163222,333.625,210.5,112.375,0.5,0.5,0.70710677,1.118034,0.5,0.70710677,-3.1263928,-3.0473998,-8.7014265,-7.6191406,-7.5792928,1.316726,114.75,2.125,34.125,11.125,5.875,6.125,9.5,5.125,0.046140939,0.34846258,0.6889444,0.70432448,0.37280044,0.38907099,0.35167339,1.0419611,1.9291506,4.4183011,4.5189571,4.5453658,1.6025583,343.5,107,20.625,11.125,797.25,309.375,95.875,14.5,1.625,0
m7,-0.834851245,4.6953135,0.20594946,8.1139698,-1489447.4,552.47534,12.08056,102.77134,817.33545,455.62659,318.27335,691.90723,125.42822,4,36,7,0.81652391,-2.3726799,-0.6475746,0.69850868,-0.53807992,0.80591482,2.4552269,0.85431087,41.108658,11,3,13,0.25,4553.5322,2544.2773,12.813943,137.35323,2009.2548,0.68653995,30,0.52791035,-0.12284835,-0.11953741,-0.49930796,8.7447882,-97.723396,-132.92659,-0.16402633,-1.14e-13,-1.4800062,13.058445,0.008396396,22.124588,93.663719,0.55745357,0.84654009,5.5711913,3.1128924,-0.80319047,-0.38766721,0.11029178,2.6645083,-0.27992323,0.16445385,2.7468157,0.19305076,3.9438274,6.0396972,7.5142817,15.077377,2.2011876,0.17060773,19.565218,11.5,6.4679952,7,7,0,3,10.498,-12.00853,961.74353,-16.35928,0.44882673,0.82078254,39,13,5,9.9940004,-7.994,-2.9965181,0.095724896,0,145.77776,26.384649,86.780663,258.25757,0.85394317,0.027842579,0.40663975,17.451376,91.546577,254.87663,3.4008873,-148191.53,-1806104.8,561.50146,-13.52312,5369.2778,6359.4385,3089.0183,4127.1196,0,0,0,0,0,0.027842579,0.41368693,109.09887,0.099324495,0.34042552,99.365433,0,12.7423,33.203491,0,42.392651,0,96.547424,12.7423,36.144024,495.60196,0,2.5652924,1.7654705,111.99,5.7255392,0.32271308,2.4782755,2.025209,0.96718186,0.29612693,0.011119974,415.375,284.75,165.625,0.70710677,0.86602539,0.5,6.5192022,6.5764732,0.5,-3.0390627,-3.0226414,-9.127471,-7.4104524,-7.2802792,1.2877718,131.25,10.875,46.25,13.875,2.5,4.125,5.25,1.875,0.022932593,0.39715979,0.54646701,0.59326351,0.64069599,0.4267678,0.30534124,0.8868413,2.1949735,7.1503329,7.1918435,6.9156208,1.7704034,348,94.125,12.375,5.75,889.875,301.75,80.25,8.25,0.5,0.25
m10,-0.632202477,7.2964954,0.036647912,18.388952,-1348492.4,923.22687,16.309311,92.719269,988.31561,395.92542,160.64424,717.24609,271.06949,4,12,11,1.0583446,-2.7967086,-0.5070439,0.66250509,-0.49683774,0.53288066,2.488709,0.70199066,58.640728,11,4,13,0.30952382,4967.2803,1372.5444,7.1427345,235.28119,3594.7361,0.68786514,26,5.1272597,-2.8070107,-1.8073375,3.891403,18.91506,185.04492,-88.328789,0.032605998,-5.68e-14,2.1111705,10.414036,0.011327509,-5.9511304,69.003044,0.40060627,0.72572577,5.0260062,1.3887713,-0.88573098,-0.35347617,0.13154344,2.8308828,-0.34699818,0.15326849,2.7218735,0.13601218,7.7200756,-6.0922074,7.8095775,9.5666494,2.8439021,0.15408398,17.197355,11.305785,8.5590868,11,9,0,3,1.806,-3.4604299,961.74353,-16.35928,0.11625427,0.93499786,27,17,5,12.546,-8.5439997,-3.1524515,0.1070364,130.33858,254.34755,0,73.529427,37.669312,0.82530439,0.028024906,0.77827358,17.451376,108.78461,484.63837,18.362577,-133531.34,-1336402.5,923.11694,-16.490879,3245.1724,14875.371,5689.0493,8065.3521,12.546,0.058265582,0.11224251,0.48260161,0.22881974,0.028024906,0.77118027,304.73752,0.11224251,0.56410259,105.61406,221.27493,6.37115,98.997871,0,5.513495,6.2486277,102.79605,6.37115,23.401724,141.14548,65.794373,2.3722975,1.427547,127.35,2.076601,0.11335274,2.4699066,1.9181399,0.98515332,0.43776113,0.033531763,382.125,216.875,91,5.4083271,0.70710677,5.17204,13.490738,12.903488,0.70710677,-2.4994287,-2.4937003,-9.1772366,-8.508029,-8.2286243,1.564738,169,60.125,85.75,46.625,21.25,22.25,19,8,0.063530989,0.39034069,0.80249733,0.48307842,0.3106885,0.68146676,0.19841853,0.80495203,1.2703727,1.548373,1.5634334,1.2275504,1.4389167,473.25,173.25,35.625,19.375,960.125,387.5,126.625,13.375,0.375,0
m15,0.478359909,4.0591884,0.20424695,2.5363457,-1049032.3,478.21979,13.97258,68.213821,651.74158,347.13757,255.29359,500.6138,151.12776,3,22,7,1.0985614,-2.3259461,-0.61285925,0.74377817,-0.49992552,0.83981097,2.4018943,0.96280992,31.822174,9,3,11,0.30555555,2870.1333,1599.6697,6.7605247,91.843964,1270.4637,0.73623818,20,2.2966948,0.37770548,-0.87234616,-2.0907314,8.4947243,-73.376793,-180.16656,0.00433717,-2.84e-14,-0.41545194,5.0965438,0.005525165,10.617249,39.387791,0.53263068,0.76811701,4.403791,2.4544539,-0.83924848,-0.40583616,0.14103357,2.5324686,-0.31211454,0.23164146,2.5745499,0.27748919,4.6333828,2.6423471,6.5330815,15.07848,3.8255248,1.0938121,13.921231,8.5612364,4.8595595,9,7,1,1,4.0079999,-6.6589098,450.12204,-14.0072,0.56891507,0.66351277,25,11,3,8.2679996,-6.2659998,-2.8980143,0.16005391,0,123.07213,51.832462,122.54904,37.669312,0.78530037,0.049940038,0.57284635,22.458887,96.554092,257.6188,2.1283486,-113741.27,-1038278.2,481.43723,-13.91874,3724.627,2906.8303,1430.9706,2969.9338,8.2679996,0.088413157,0.12671562,0.70746553,0.55688828,0.049940038,0.44311175,109.09887,0.12671562,0.4848485,99.365433,0,17.268791,52.218185,0,42.392651,19.014692,96.547424,17.268791,23.401724,288.41022,0,2.6983566,1.4158481,138.27,3.6389606,0.22921631,2.5475049,2.1338007,1.1625584,0.43327269,0.032669362,278.5,176.75,98.125,0.5,0.5,1,0.5,2.0615528,2.3452079,-3.0398588,-2.9288747,-8.4076385,-8.4016266,-8.3791113,1.2799133,126.375,53.25,66.875,22.75,7.125,10.25,11.125,5.125,0.056179777,0.25830731,0.34518266,0.44518477,0.38211924,0.67862809,0.43614513,0.80861861,1.3184359,4.5810366,4.5476952,3.6744177,1.6006578,362.5,111.5,21.875,12,733.25,295.625,88.75,11.625,0.875,0.125
m22,0.167844523,4.9431157,0.10317411,12.705232,-1111259.9,535.93323,13.87855,73.663414,754.14465,471.82013,241.68756,608.2243,145.92035,4,24,9,1.093966,-2.3236198,-0.62288779,0.72115308,-0.53807992,0.76354748,2.3574631,0.85431087,32.816589,9,3,9,0.23684211,4309.605,1724.199,7.3378749,230.13258,2585.4063,0.71753335,22,4.4028211,4.1289916,-1.3954021,-0.62378931,7.3555198,-98.84288,-180.03618,0.044328138,1.99e-13,0.32342377,6.9391551,0.006247533,11.807971,69.028732,0.6256361,0.80650878,5.7145605,2.2862976,-0.80318803,-0.36116537,0.13156413,2.5599473,-0.35061207,0.16445385,2.5848632,0.19305076,8.0804186,1.5129014,7.2805328,8.7336044,3.3238955,0.30371982,15.421075,9.6711111,5.0823169,9,7,1,1,4.8099999,-4.6394901,524.32843,-13.78225,0.31676012,0.7939468,27,9,3,9.1339998,-7.1339998,-2.5766194,0.11132471,66.983665,103.1239,26.384649,126.96612,37.669312,0.78652537,0.059775475,0.579171,28.816528,102.91173,279.20642,14.68054,-113880.89,-1101984.9,528.57446,-13.74265,3414.4004,5500.5005,2749.7446,3125.553,9.1339998,0.080030657,0.11129801,0.71391565,0.42999154,0.059775475,0.57000846,109.09887,0.11129801,0.40000001,99.365433,0,12.7423,33.203491,0,42.392651,33.57106,66.774551,12.7423,89.196098,317.4548,0,2.5815835,1.3615645,142.50999,1.2709891,0.1166655,2.5591288,2.2014661,1.2162838,0.53787363,0.027206233,326.125,220.625,114,0.70710677,0.70710677,0.70710677,0.5,0.86602539,0.70710677,-2.8505902,-2.6812344,-8.8849802,-8.353117,-8.0029478,1.4009885,218.125,156.75,151.875,70,30.75,15.375,10.25,5.375,0.074879907,0.30379567,0.45635429,0.46925193,0.65282345,0.45571271,0.42037398,0.27417991,0.66077018,1.8285244,2.7659712,3.5889421,1.4989325,462.75,171.875,33.125,14.125,822.375,310.875,101.875,17.75,3.875,0.375
m24,-0.107061503,4.0551152,0.42417589,2.0663481,-1491465.8,412.56042,13.95657,82.284584,680.09003,360.72308,232.45319,556.08795,124.00211,3,24,7,1.0586661,-2.4624906,-0.64199632,0.70379895,-0.53807992,0.80591482,2.4247665,0.85431087,36.955418,11,4,13,0.30952382,3201.7781,1597.8832,9.4925756,128.2699,1603.8949,0.73064327,26,2.3838499,1.6818942,1.2109467,1.1779561,8.5525398,-73.031525,-137.87837,-0.25752378,4.26e-14,-0.33144578,7.9011164,0.006494413,9.6054258,62.858795,0.53040487,0.81766808,4.7078738,2.3495171,-0.80323613,-0.4052541,0.11255924,2.6180136,-0.31213012,0.22338876,2.6402676,0.19305076,4.7472591,2.4701705,7.9915676,15.076464,1.4779319,0.059418239,17.197355,11.305785,6.3637781,7,7,0,2,7.0599999,-7.86867,420.30832,-13.97169,0.63879526,0.91313499,27,13,3,8.8760004,-6.8740001,-2.7290666,0.10510848,34.464172,129.50854,18.041691,126.96612,86.688927,0.78195113,0.078001745,0.50036281,41.268646,115.36385,264.72864,3.374491,-139079.61,-1431865.3,409.1062,-13.97429,4343.6318,3477.0396,2338.1877,2860.9839,8.8760004,0.082356915,0.11550771,0.76080775,0.50798589,0.032984793,0.49201408,109.09887,0.11550771,0.051282052,99.365433,36.879158,12.7423,70.9403,0,35.433723,0,126.46765,12.7423,23.401724,320.02777,0,2.3697236,1.975282,111.99,4.965353,0.31395918,2.5609047,2.2614384,1.2262454,0.43888694,0.014443526,274,185.75,91.5,0.5,0.70710677,1.118034,0.5,6.6708322,6.5764732,-2.9516189,-2.8674965,-10.367513,-10.107285,-7.6689491,1.2189306,154.5,131.375,121.875,35,3.125,5.5,6,1.75,0.035236541,0.18781899,0.21221463,0.31309855,0.49786976,0.32860628,0.35667253,0.58867931,1.4042993,6.41045,6.318068,5.8804502,1.7500664,377.125,105.625,13.5,6.875,730,255.25,70.625,8,0.875,0.875
